stg-aem-lcom.origin.cepo-proxy.tms.aws.lexus.com	/.model.json	64666.66667
stg-aem-lcom.origin.cepo-proxy.tms.aws.lexus.com	/concept/lf-1-limitless.model.json	137000
stg-aem-lcom.origin.cepo-proxy.tms.aws.lexus.com	/concept/LFFC.model.json	102000
stg-aem-lcom.origin.cepo-proxy.tms.aws.lexus.com	/future/LC-Convertible.model.json
stg-aem-lcom.origin.cepo-proxy.tms.aws.lexus.com	/rest/dealersByZip/41201	111000
stg-aem-lcom.origin.cepo-proxy.tms.aws.lexus.com	/rest/dealersByZip/52201	112000
stg-aem-lcom.origin.cepo-proxy.tms.aws.lexus.com	/rest/lexus/offers?zip=55422&offerCategory=NEW&experience=offers	60000	[]
stg-aem-lcom.origin.cepo-proxy.tms.aws.lexus.com	/rest/lexus/offers?zip=55422&offerCategory=NEW&featured=true&offerType=lease&modelFilter=ES%7C2020%7C9000%7C%7C&modelFilter=ES%7C2020%7C9002%7C%7C&modelFilter=ES%7C2020%7C9004%7C%7C&modelFilter=ES%7C2020%7C9005%7C%7C&modelFilter=ES%7C2021%7C9000%7C%7C&modelFilter=ES%7C2021%7C9002%7C%7C&modelFilter=ES%7C2021%7C9004%7C%7C&modelFilter=ES%7C2021%7C9005%7C%7C&modelFilter=ES%7C2021%7C9005SE%7C%7C&modelFilter=ES%7C2021%7C9012%7C%7C&modelFilter=ES%7C2021%7C9013%7C%7C&modelFilter=ES%7C2021%7C9014%7C%7C&modelFilter=ES%7C2021%7C9015%7C%7C&modelFilter=UX%7C%7C%7C%7C&modelFilter=NX%7C%7C%7C%7C	60000	[]
stg-aem-lcom.origin.cepo-proxy.tms.aws.lexus.com	/rest/lexus/offers?zip=70032&offerCategory=NEW&experience=offers	60000	[]
stg-aem-lcom.origin.cepo-proxy.tms.aws.lexus.com	/rest/lexus/offers?zip=70032&offerCategory=NEW&featured=true&offerType=lease&modelFilter=ES%7C2020%7C9000%7C%7C&modelFilter=ES%7C2020%7C9002%7C%7C&modelFilter=ES%7C2020%7C9004%7C%7C&modelFilter=ES%7C2020%7C9005%7C%7C&modelFilter=ES%7C2021%7C9000%7C%7C&modelFilter=ES%7C2021%7C9002%7C%7C&modelFilter=ES%7C2021%7C9004%7C%7C&modelFilter=ES%7C2021%7C9005%7C%7C&modelFilter=ES%7C2021%7C9005SE%7C%7C&modelFilter=ES%7C2021%7C9012%7C%7C&modelFilter=ES%7C2021%7C9013%7C%7C&modelFilter=ES%7C2021%7C9014%7C%7C&modelFilter=ES%7C2021%7C9015%7C%7C&modelFilter=UX%7C%7C%7C%7C&modelFilter=NX%7C%7C%7C%7C	60000	[]
stg-aem-lcom.origin.cepo-proxy.tms.aws.lexus.com	/rest/lexus/offers?zip=95152&offerCategory=NEW&experience=offers	60000	[]
stg-aem-lcom.origin.cepo-proxy.tms.aws.lexus.com	/rest/lexus/offers?zip=95152&offerCategory=NEW&featured=true&offerType=lease&modelFilter=ES%7C2020%7C9000%7C%7C&modelFilter=ES%7C2020%7C9002%7C%7C&modelFilter=ES%7C2020%7C9004%7C%7C&modelFilter=ES%7C2020%7C9005%7C%7C&modelFilter=ES%7C2021%7C9000%7C%7C&modelFilter=ES%7C2021%7C9002%7C%7C&modelFilter=ES%7C2021%7C9004%7C%7C&modelFilter=ES%7C2021%7C9005%7C%7C&modelFilter=ES%7C2021%7C9005SE%7C%7C&modelFilter=ES%7C2021%7C9012%7C%7C&modelFilter=ES%7C2021%7C9013%7C%7C&modelFilter=ES%7C2021%7C9014%7C%7C&modelFilter=ES%7C2021%7C9015%7C%7C&modelFilter=UX%7C%7C%7C%7C&modelFilter=NX%7C%7C%7C%7C	60000	[]
stg-aem-lcom.origin.cepo-proxy.tms.aws.lexus.com	/rest/lexus/offers?zip=10259&offerCategory=NEW&experience=offers	60000	[]
stg-aem-lcom.origin.cepo-proxy.tms.aws.lexus.com	/rest/lexus/offers?zip=10259&offerCategory=NEW&featured=true&offerType=lease&modelFilter=ES%7C2020%7C9000%7C%7C&modelFilter=ES%7C2020%7C9002%7C%7C&modelFilter=ES%7C2020%7C9004%7C%7C&modelFilter=ES%7C2020%7C9005%7C%7C&modelFilter=ES%7C2021%7C9000%7C%7C&modelFilter=ES%7C2021%7C9002%7C%7C&modelFilter=ES%7C2021%7C9004%7C%7C&modelFilter=ES%7C2021%7C9005%7C%7C&modelFilter=ES%7C2021%7C9005SE%7C%7C&modelFilter=ES%7C2021%7C9012%7C%7C&modelFilter=ES%7C2021%7C9013%7C%7C&modelFilter=ES%7C2021%7C9014%7C%7C&modelFilter=ES%7C2021%7C9015%7C%7C&modelFilter=UX%7C%7C%7C%7C&modelFilter=NX%7C%7C%7C%7C	60000	[]
stg-aem-lcom.origin.cepo-proxy.tms.aws.lexus.com	/rest/lexus/offers?zip=48843&offerCategory=NEW&experience=offers	60000	[]
stg-aem-lcom.origin.cepo-proxy.tms.aws.lexus.com	/rest/lexus/offers?zip=48843&offerCategory=NEW&featured=true&offerType=lease&modelFilter=ES%7C2020%7C9000%7C%7C&modelFilter=ES%7C2020%7C9002%7C%7C&modelFilter=ES%7C2020%7C9004%7C%7C&modelFilter=ES%7C2020%7C9005%7C%7C&modelFilter=ES%7C2021%7C9000%7C%7C&modelFilter=ES%7C2021%7C9002%7C%7C&modelFilter=ES%7C2021%7C9004%7C%7C&modelFilter=ES%7C2021%7C9005%7C%7C&modelFilter=ES%7C2021%7C9005SE%7C%7C&modelFilter=ES%7C2021%7C9012%7C%7C&modelFilter=ES%7C2021%7C9013%7C%7C&modelFilter=ES%7C2021%7C9014%7C%7C&modelFilter=ES%7C2021%7C9015%7C%7C&modelFilter=UX%7C%7C%7C%7C&modelFilter=NX%7C%7C%7C%7C	60000	[]
stg-aem-lcom.origin.cepo-proxy.tms.aws.lexus.com	/rest/lexus/offers?zip=38197&offerCategory=NEW&experience=offers	60000	[]
stg-aem-lcom.origin.cepo-proxy.tms.aws.lexus.com	/rest/lexus/offers?zip=38197&offerCategory=NEW&featured=true&offerType=lease&modelFilter=ES%7C2020%7C9000%7C%7C&modelFilter=ES%7C2020%7C9002%7C%7C&modelFilter=ES%7C2020%7C9004%7C%7C&modelFilter=ES%7C2020%7C9005%7C%7C&modelFilter=ES%7C2021%7C9000%7C%7C&modelFilter=ES%7C2021%7C9002%7C%7C&modelFilter=ES%7C2021%7C9004%7C%7C&modelFilter=ES%7C2021%7C9005%7C%7C&modelFilter=ES%7C2021%7C9005SE%7C%7C&modelFilter=ES%7C2021%7C9012%7C%7C&modelFilter=ES%7C2021%7C9013%7C%7C&modelFilter=ES%7C2021%7C9014%7C%7C&modelFilter=ES%7C2021%7C9015%7C%7C&modelFilter=UX%7C%7C%7C%7C&modelFilter=NX%7C%7C%7C%7C	60000	[]
stg-aem-lcom.origin.cepo-proxy.tms.aws.lexus.com	/rest/lexus/offers?zip=90706&offerCategory=NEW&experience=offers	60000	[]
stg-aem-lcom.origin.cepo-proxy.tms.aws.lexus.com	/rest/lexus/offers?zip=90706&offerCategory=NEW&featured=true&offerType=lease&modelFilter=ES%7C2020%7C9000%7C%7C&modelFilter=ES%7C2020%7C9002%7C%7C&modelFilter=ES%7C2020%7C9004%7C%7C&modelFilter=ES%7C2020%7C9005%7C%7C&modelFilter=ES%7C2021%7C9000%7C%7C&modelFilter=ES%7C2021%7C9002%7C%7C&modelFilter=ES%7C2021%7C9004%7C%7C&modelFilter=ES%7C2021%7C9005%7C%7C&modelFilter=ES%7C2021%7C9005SE%7C%7C&modelFilter=ES%7C2021%7C9012%7C%7C&modelFilter=ES%7C2021%7C9013%7C%7C&modelFilter=ES%7C2021%7C9014%7C%7C&modelFilter=ES%7C2021%7C9015%7C%7C&modelFilter=UX%7C%7C%7C%7C&modelFilter=NX%7C%7C%7C%7C	60000	[]
stg-aem-lcom.origin.cepo-proxy.tms.aws.lexus.com	/rest/lexus/offers?zip=18235&offerCategory=NEW&experience=offers	60000	[]
stg-aem-lcom.origin.cepo-proxy.tms.aws.lexus.com	/rest/lexus/offers?zip=18235&offerCategory=NEW&featured=true&offerType=lease&modelFilter=ES%7C2020%7C9000%7C%7C&modelFilter=ES%7C2020%7C9002%7C%7C&modelFilter=ES%7C2020%7C9004%7C%7C&modelFilter=ES%7C2020%7C9005%7C%7C&modelFilter=ES%7C2021%7C9000%7C%7C&modelFilter=ES%7C2021%7C9002%7C%7C&modelFilter=ES%7C2021%7C9004%7C%7C&modelFilter=ES%7C2021%7C9005%7C%7C&modelFilter=ES%7C2021%7C9005SE%7C%7C&modelFilter=ES%7C2021%7C9012%7C%7C&modelFilter=ES%7C2021%7C9013%7C%7C&modelFilter=ES%7C2021%7C9014%7C%7C&modelFilter=ES%7C2021%7C9015%7C%7C&modelFilter=UX%7C%7C%7C%7C&modelFilter=NX%7C%7C%7C%7C	60000	[]
stg-aem-lcom.origin.cepo-proxy.tms.aws.lexus.com	/rest/lexus/offers?zip=55455&offerCategory=NEW&experience=offers	60000	[]
stg-aem-lcom.origin.cepo-proxy.tms.aws.lexus.com	/rest/lexus/offers?zip=55455&offerCategory=NEW&featured=true&offerType=lease&modelFilter=ES%7C2020%7C9000%7C%7C&modelFilter=ES%7C2020%7C9002%7C%7C&modelFilter=ES%7C2020%7C9004%7C%7C&modelFilter=ES%7C2020%7C9005%7C%7C&modelFilter=ES%7C2021%7C9000%7C%7C&modelFilter=ES%7C2021%7C9002%7C%7C&modelFilter=ES%7C2021%7C9004%7C%7C&modelFilter=ES%7C2021%7C9005%7C%7C&modelFilter=ES%7C2021%7C9005SE%7C%7C&modelFilter=ES%7C2021%7C9012%7C%7C&modelFilter=ES%7C2021%7C9013%7C%7C&modelFilter=ES%7C2021%7C9014%7C%7C&modelFilter=ES%7C2021%7C9015%7C%7C&modelFilter=UX%7C%7C%7C%7C&modelFilter=NX%7C%7C%7C%7C	60000	[]
stg-aem-lcom.origin.cepo-proxy.tms.aws.lexus.com	/rest/lexus/offers?zip=71027&offerCategory=NEW&experience=offers	60000	[]
stg-aem-lcom.origin.cepo-proxy.tms.aws.lexus.com	/rest/lexus/offers?zip=71027&offerCategory=NEW&featured=true&offerType=lease&modelFilter=ES%7C2020%7C9000%7C%7C&modelFilter=ES%7C2020%7C9002%7C%7C&modelFilter=ES%7C2020%7C9004%7C%7C&modelFilter=ES%7C2020%7C9005%7C%7C&modelFilter=ES%7C2021%7C9000%7C%7C&modelFilter=ES%7C2021%7C9002%7C%7C&modelFilter=ES%7C2021%7C9004%7C%7C&modelFilter=ES%7C2021%7C9005%7C%7C&modelFilter=ES%7C2021%7C9005SE%7C%7C&modelFilter=ES%7C2021%7C9012%7C%7C&modelFilter=ES%7C2021%7C9013%7C%7C&modelFilter=ES%7C2021%7C9014%7C%7C&modelFilter=ES%7C2021%7C9015%7C%7C&modelFilter=UX%7C%7C%7C%7C&modelFilter=NX%7C%7C%7C%7C	60000	[]
stg-aem-lcom.origin.cepo-proxy.tms.aws.lexus.com	/rest/lexus/offers?zip=85602&offerCategory=NEW&experience=offers	60000	[]
stg-aem-lcom.origin.cepo-proxy.tms.aws.lexus.com	/rest/lexus/offers?zip=85602&offerCategory=NEW&featured=true&offerType=lease&modelFilter=ES%7C2020%7C9000%7C%7C&modelFilter=ES%7C2020%7C9002%7C%7C&modelFilter=ES%7C2020%7C9004%7C%7C&modelFilter=ES%7C2020%7C9005%7C%7C&modelFilter=ES%7C2021%7C9000%7C%7C&modelFilter=ES%7C2021%7C9002%7C%7C&modelFilter=ES%7C2021%7C9004%7C%7C&modelFilter=ES%7C2021%7C9005%7C%7C&modelFilter=ES%7C2021%7C9005SE%7C%7C&modelFilter=ES%7C2021%7C9012%7C%7C&modelFilter=ES%7C2021%7C9013%7C%7C&modelFilter=ES%7C2021%7C9014%7C%7C&modelFilter=ES%7C2021%7C9015%7C%7C&modelFilter=UX%7C%7C%7C%7C&modelFilter=NX%7C%7C%7C%7C	60000	[]
stg-aem-lcom.origin.cepo-proxy.tms.aws.lexus.com	/rest/lexus/offers?zip=04004&offerCategory=NEW&experience=offers	60000	[]
stg-aem-lcom.origin.cepo-proxy.tms.aws.lexus.com	/rest/lexus/offers?zip=04004&offerCategory=NEW&featured=true&offerType=lease&modelFilter=ES%7C2020%7C9000%7C%7C&modelFilter=ES%7C2020%7C9002%7C%7C&modelFilter=ES%7C2020%7C9004%7C%7C&modelFilter=ES%7C2020%7C9005%7C%7C&modelFilter=ES%7C2021%7C9000%7C%7C&modelFilter=ES%7C2021%7C9002%7C%7C&modelFilter=ES%7C2021%7C9004%7C%7C&modelFilter=ES%7C2021%7C9005%7C%7C&modelFilter=ES%7C2021%7C9005SE%7C%7C&modelFilter=ES%7C2021%7C9012%7C%7C&modelFilter=ES%7C2021%7C9013%7C%7C&modelFilter=ES%7C2021%7C9014%7C%7C&modelFilter=ES%7C2021%7C9015%7C%7C&modelFilter=UX%7C%7C%7C%7C&modelFilter=NX%7C%7C%7C%7C	60000	[]
stg-aem-lcom.origin.cepo-proxy.tms.aws.lexus.com	/rest/lexus/offers?zip=43654&offerCategory=NEW&experience=offers	60000	[]
stg-aem-lcom.origin.cepo-proxy.tms.aws.lexus.com	/rest/lexus/offers?zip=43654&offerCategory=NEW&featured=true&offerType=lease&modelFilter=ES%7C2020%7C9000%7C%7C&modelFilter=ES%7C2020%7C9002%7C%7C&modelFilter=ES%7C2020%7C9004%7C%7C&modelFilter=ES%7C2020%7C9005%7C%7C&modelFilter=ES%7C2021%7C9000%7C%7C&modelFilter=ES%7C2021%7C9002%7C%7C&modelFilter=ES%7C2021%7C9004%7C%7C&modelFilter=ES%7C2021%7C9005%7C%7C&modelFilter=ES%7C2021%7C9005SE%7C%7C&modelFilter=ES%7C2021%7C9012%7C%7C&modelFilter=ES%7C2021%7C9013%7C%7C&modelFilter=ES%7C2021%7C9014%7C%7C&modelFilter=ES%7C2021%7C9015%7C%7C&modelFilter=UX%7C%7C%7C%7C&modelFilter=NX%7C%7C%7C%7C	60000	[]
stg-aem-lcom.origin.cepo-proxy.tms.aws.lexus.com	/rest/lexus/offers?zip=71860&offerCategory=NEW&experience=offers	60000	[]
stg-aem-lcom.origin.cepo-proxy.tms.aws.lexus.com	/rest/lexus/offers?zip=71860&offerCategory=NEW&featured=true&offerType=lease&modelFilter=ES%7C2020%7C9000%7C%7C&modelFilter=ES%7C2020%7C9002%7C%7C&modelFilter=ES%7C2020%7C9004%7C%7C&modelFilter=ES%7C2020%7C9005%7C%7C&modelFilter=ES%7C2021%7C9000%7C%7C&modelFilter=ES%7C2021%7C9002%7C%7C&modelFilter=ES%7C2021%7C9004%7C%7C&modelFilter=ES%7C2021%7C9005%7C%7C&modelFilter=ES%7C2021%7C9005SE%7C%7C&modelFilter=ES%7C2021%7C9012%7C%7C&modelFilter=ES%7C2021%7C9013%7C%7C&modelFilter=ES%7C2021%7C9014%7C%7C&modelFilter=ES%7C2021%7C9015%7C%7C&modelFilter=UX%7C%7C%7C%7C&modelFilter=NX%7C%7C%7C%7C	60000	[]
stg-aem-lcom.origin.cepo-proxy.tms.aws.lexus.com	/rest/lexus/offers?zip=92341&offerCategory=NEW&experience=offers	60000	[]
stg-aem-lcom.origin.cepo-proxy.tms.aws.lexus.com	/rest/lexus/offers?zip=92341&offerCategory=NEW&featured=true&offerType=lease&modelFilter=ES%7C2020%7C9000%7C%7C&modelFilter=ES%7C2020%7C9002%7C%7C&modelFilter=ES%7C2020%7C9004%7C%7C&modelFilter=ES%7C2020%7C9005%7C%7C&modelFilter=ES%7C2021%7C9000%7C%7C&modelFilter=ES%7C2021%7C9002%7C%7C&modelFilter=ES%7C2021%7C9004%7C%7C&modelFilter=ES%7C2021%7C9005%7C%7C&modelFilter=ES%7C2021%7C9005SE%7C%7C&modelFilter=ES%7C2021%7C9012%7C%7C&modelFilter=ES%7C2021%7C9013%7C%7C&modelFilter=ES%7C2021%7C9014%7C%7C&modelFilter=ES%7C2021%7C9015%7C%7C&modelFilter=UX%7C%7C%7C%7C&modelFilter=NX%7C%7C%7C%7C	60000	[]
stg-aem-lcom.origin.cepo-proxy.tms.aws.lexus.com	/rest/lexus/offers?zip=12196&offerCategory=NEW&experience=offers	60000	[]
stg-aem-lcom.origin.cepo-proxy.tms.aws.lexus.com	/rest/lexus/offers?zip=12196&offerCategory=NEW&featured=true&offerType=lease&modelFilter=ES%7C2020%7C9000%7C%7C&modelFilter=ES%7C2020%7C9002%7C%7C&modelFilter=ES%7C2020%7C9004%7C%7C&modelFilter=ES%7C2020%7C9005%7C%7C&modelFilter=ES%7C2021%7C9000%7C%7C&modelFilter=ES%7C2021%7C9002%7C%7C&modelFilter=ES%7C2021%7C9004%7C%7C&modelFilter=ES%7C2021%7C9005%7C%7C&modelFilter=ES%7C2021%7C9005SE%7C%7C&modelFilter=ES%7C2021%7C9012%7C%7C&modelFilter=ES%7C2021%7C9013%7C%7C&modelFilter=ES%7C2021%7C9014%7C%7C&modelFilter=ES%7C2021%7C9015%7C%7C&modelFilter=UX%7C%7C%7C%7C&modelFilter=NX%7C%7C%7C%7C	60000	[]
stg-aem-lcom.origin.cepo-proxy.tms.aws.lexus.com	/rest/lexus/offers?zip=64071&offerCategory=NEW&experience=offers	60000	[]
stg-aem-lcom.origin.cepo-proxy.tms.aws.lexus.com	/rest/lexus/offers?zip=64071&offerCategory=NEW&featured=true&offerType=lease&modelFilter=ES%7C2020%7C9000%7C%7C&modelFilter=ES%7C2020%7C9002%7C%7C&modelFilter=ES%7C2020%7C9004%7C%7C&modelFilter=ES%7C2020%7C9005%7C%7C&modelFilter=ES%7C2021%7C9000%7C%7C&modelFilter=ES%7C2021%7C9002%7C%7C&modelFilter=ES%7C2021%7C9004%7C%7C&modelFilter=ES%7C2021%7C9005%7C%7C&modelFilter=ES%7C2021%7C9005SE%7C%7C&modelFilter=ES%7C2021%7C9012%7C%7C&modelFilter=ES%7C2021%7C9013%7C%7C&modelFilter=ES%7C2021%7C9014%7C%7C&modelFilter=ES%7C2021%7C9015%7C%7C&modelFilter=UX%7C%7C%7C%7C&modelFilter=NX%7C%7C%7C%7C	60000	[]
stg-aem-lcom.origin.cepo-proxy.tms.aws.lexus.com	/rest/lexus/offers?zip=73072&offerCategory=NEW&experience=offers	60000	[]
stg-aem-lcom.origin.cepo-proxy.tms.aws.lexus.com	/rest/lexus/offers?zip=73072&offerCategory=NEW&featured=true&offerType=lease&modelFilter=ES%7C2020%7C9000%7C%7C&modelFilter=ES%7C2020%7C9002%7C%7C&modelFilter=ES%7C2020%7C9004%7C%7C&modelFilter=ES%7C2020%7C9005%7C%7C&modelFilter=ES%7C2021%7C9000%7C%7C&modelFilter=ES%7C2021%7C9002%7C%7C&modelFilter=ES%7C2021%7C9004%7C%7C&modelFilter=ES%7C2021%7C9005%7C%7C&modelFilter=ES%7C2021%7C9005SE%7C%7C&modelFilter=ES%7C2021%7C9012%7C%7C&modelFilter=ES%7C2021%7C9013%7C%7C&modelFilter=ES%7C2021%7C9014%7C%7C&modelFilter=ES%7C2021%7C9015%7C%7C&modelFilter=UX%7C%7C%7C%7C&modelFilter=NX%7C%7C%7C%7C	60000	[]
stg-aem-lcom.origin.cepo-proxy.tms.aws.lexus.com	/rest/lexus/offers?zip=89141&offerCategory=NEW&experience=offers	60000	[]
stg-aem-lcom.origin.cepo-proxy.tms.aws.lexus.com	/rest/lexus/offers?zip=89141&offerCategory=NEW&featured=true&offerType=lease&modelFilter=ES%7C2020%7C9000%7C%7C&modelFilter=ES%7C2020%7C9002%7C%7C&modelFilter=ES%7C2020%7C9004%7C%7C&modelFilter=ES%7C2020%7C9005%7C%7C&modelFilter=ES%7C2021%7C9000%7C%7C&modelFilter=ES%7C2021%7C9002%7C%7C&modelFilter=ES%7C2021%7C9004%7C%7C&modelFilter=ES%7C2021%7C9005%7C%7C&modelFilter=ES%7C2021%7C9005SE%7C%7C&modelFilter=ES%7C2021%7C9012%7C%7C&modelFilter=ES%7C2021%7C9013%7C%7C&modelFilter=ES%7C2021%7C9014%7C%7C&modelFilter=ES%7C2021%7C9015%7C%7C&modelFilter=UX%7C%7C%7C%7C&modelFilter=NX%7C%7C%7C%7C	60000	[]
stg-aem-lcom.origin.cepo-proxy.tms.aws.lexus.com	/rest/lexus/offers?zip=23112&offerCategory=NEW&experience=offers	60000	[]
stg-aem-lcom.origin.cepo-proxy.tms.aws.lexus.com	/rest/lexus/offers?zip=23112&offerCategory=NEW&featured=true&offerType=lease&modelFilter=ES%7C2020%7C9000%7C%7C&modelFilter=ES%7C2020%7C9002%7C%7C&modelFilter=ES%7C2020%7C9004%7C%7C&modelFilter=ES%7C2020%7C9005%7C%7C&modelFilter=ES%7C2021%7C9000%7C%7C&modelFilter=ES%7C2021%7C9002%7C%7C&modelFilter=ES%7C2021%7C9004%7C%7C&modelFilter=ES%7C2021%7C9005%7C%7C&modelFilter=ES%7C2021%7C9005SE%7C%7C&modelFilter=ES%7C2021%7C9012%7C%7C&modelFilter=ES%7C2021%7C9013%7C%7C&modelFilter=ES%7C2021%7C9014%7C%7C&modelFilter=ES%7C2021%7C9015%7C%7C&modelFilter=UX%7C%7C%7C%7C&modelFilter=NX%7C%7C%7C%7C	60000	[]
stg-aem-lcom.origin.cepo-proxy.tms.aws.lexus.com	/rest/lexus/offers?zip=54933&offerCategory=NEW&experience=offers	60000	[]
stg-aem-lcom.origin.cepo-proxy.tms.aws.lexus.com	/rest/lexus/offers?zip=54933&offerCategory=NEW&featured=true&offerType=lease&modelFilter=ES%7C2020%7C9000%7C%7C&modelFilter=ES%7C2020%7C9002%7C%7C&modelFilter=ES%7C2020%7C9004%7C%7C&modelFilter=ES%7C2020%7C9005%7C%7C&modelFilter=ES%7C2021%7C9000%7C%7C&modelFilter=ES%7C2021%7C9002%7C%7C&modelFilter=ES%7C2021%7C9004%7C%7C&modelFilter=ES%7C2021%7C9005%7C%7C&modelFilter=ES%7C2021%7C9005SE%7C%7C&modelFilter=ES%7C2021%7C9012%7C%7C&modelFilter=ES%7C2021%7C9013%7C%7C&modelFilter=ES%7C2021%7C9014%7C%7C&modelFilter=ES%7C2021%7C9015%7C%7C&modelFilter=UX%7C%7C%7C%7C&modelFilter=NX%7C%7C%7C%7C	60000	[]
stg-aem-lcom.origin.cepo-proxy.tms.aws.lexus.com	/rest/lexus/offers?zip=28650&offerCategory=NEW&experience=offers	60000	[]
stg-aem-lcom.origin.cepo-proxy.tms.aws.lexus.com	/rest/lexus/offers?zip=28650&offerCategory=NEW&featured=true&offerType=lease&modelFilter=ES%7C2020%7C9000%7C%7C&modelFilter=ES%7C2020%7C9002%7C%7C&modelFilter=ES%7C2020%7C9004%7C%7C&modelFilter=ES%7C2020%7C9005%7C%7C&modelFilter=ES%7C2021%7C9000%7C%7C&modelFilter=ES%7C2021%7C9002%7C%7C&modelFilter=ES%7C2021%7C9004%7C%7C&modelFilter=ES%7C2021%7C9005%7C%7C&modelFilter=ES%7C2021%7C9005SE%7C%7C&modelFilter=ES%7C2021%7C9012%7C%7C&modelFilter=ES%7C2021%7C9013%7C%7C&modelFilter=ES%7C2021%7C9014%7C%7C&modelFilter=ES%7C2021%7C9015%7C%7C&modelFilter=UX%7C%7C%7C%7C&modelFilter=NX%7C%7C%7C%7C	60000	[]
stg-aem-lcom.origin.cepo-proxy.tms.aws.lexus.com	/rest/lexus/offers?zip=92254&offerCategory=NEW&experience=offers	60000	[]
stg-aem-lcom.origin.cepo-proxy.tms.aws.lexus.com	/rest/lexus/offers?zip=92254&offerCategory=NEW&featured=true&offerType=lease&modelFilter=ES%7C2020%7C9000%7C%7C&modelFilter=ES%7C2020%7C9002%7C%7C&modelFilter=ES%7C2020%7C9004%7C%7C&modelFilter=ES%7C2020%7C9005%7C%7C&modelFilter=ES%7C2021%7C9000%7C%7C&modelFilter=ES%7C2021%7C9002%7C%7C&modelFilter=ES%7C2021%7C9004%7C%7C&modelFilter=ES%7C2021%7C9005%7C%7C&modelFilter=ES%7C2021%7C9005SE%7C%7C&modelFilter=ES%7C2021%7C9012%7C%7C&modelFilter=ES%7C2021%7C9013%7C%7C&modelFilter=ES%7C2021%7C9014%7C%7C&modelFilter=ES%7C2021%7C9015%7C%7C&modelFilter=UX%7C%7C%7C%7C&modelFilter=NX%7C%7C%7C%7C	60000	[]
stg-aem-lcom.origin.cepo-proxy.tms.aws.lexus.com	/rest/lexus/offers?zip=21158&offerCategory=NEW&experience=offers	60000	[]
stg-aem-lcom.origin.cepo-proxy.tms.aws.lexus.com	/rest/lexus/offers?zip=21158&offerCategory=NEW&featured=true&offerType=lease&modelFilter=ES%7C2020%7C9000%7C%7C&modelFilter=ES%7C2020%7C9002%7C%7C&modelFilter=ES%7C2020%7C9004%7C%7C&modelFilter=ES%7C2020%7C9005%7C%7C&modelFilter=ES%7C2021%7C9000%7C%7C&modelFilter=ES%7C2021%7C9002%7C%7C&modelFilter=ES%7C2021%7C9004%7C%7C&modelFilter=ES%7C2021%7C9005%7C%7C&modelFilter=ES%7C2021%7C9005SE%7C%7C&modelFilter=ES%7C2021%7C9012%7C%7C&modelFilter=ES%7C2021%7C9013%7C%7C&modelFilter=ES%7C2021%7C9014%7C%7C&modelFilter=ES%7C2021%7C9015%7C%7C&modelFilter=UX%7C%7C%7C%7C&modelFilter=NX%7C%7C%7C%7C	60000	[]
stg-aem-lcom.origin.cepo-proxy.tms.aws.lexus.com	/rest/lexus/offers?zip=68106&offerCategory=NEW&experience=offers	60000	[]
stg-aem-lcom.origin.cepo-proxy.tms.aws.lexus.com	/rest/lexus/offers?zip=68106&offerCategory=NEW&featured=true&offerType=lease&modelFilter=ES%7C2020%7C9000%7C%7C&modelFilter=ES%7C2020%7C9002%7C%7C&modelFilter=ES%7C2020%7C9004%7C%7C&modelFilter=ES%7C2020%7C9005%7C%7C&modelFilter=ES%7C2021%7C9000%7C%7C&modelFilter=ES%7C2021%7C9002%7C%7C&modelFilter=ES%7C2021%7C9004%7C%7C&modelFilter=ES%7C2021%7C9005%7C%7C&modelFilter=ES%7C2021%7C9005SE%7C%7C&modelFilter=ES%7C2021%7C9012%7C%7C&modelFilter=ES%7C2021%7C9013%7C%7C&modelFilter=ES%7C2021%7C9014%7C%7C&modelFilter=ES%7C2021%7C9015%7C%7C&modelFilter=UX%7C%7C%7C%7C&modelFilter=NX%7C%7C%7C%7C	60000	[]
stg-aem-lcom.origin.cepo-proxy.tms.aws.lexus.com	/rest/lexus/offers?zip=35957&offerCategory=NEW&experience=offers	60000	[]
stg-aem-lcom.origin.cepo-proxy.tms.aws.lexus.com	/rest/lexus/offers?zip=35957&offerCategory=NEW&featured=true&offerType=lease&modelFilter=ES%7C2020%7C9000%7C%7C&modelFilter=ES%7C2020%7C9002%7C%7C&modelFilter=ES%7C2020%7C9004%7C%7C&modelFilter=ES%7C2020%7C9005%7C%7C&modelFilter=ES%7C2021%7C9000%7C%7C&modelFilter=ES%7C2021%7C9002%7C%7C&modelFilter=ES%7C2021%7C9004%7C%7C&modelFilter=ES%7C2021%7C9005%7C%7C&modelFilter=ES%7C2021%7C9005SE%7C%7C&modelFilter=ES%7C2021%7C9012%7C%7C&modelFilter=ES%7C2021%7C9013%7C%7C&modelFilter=ES%7C2021%7C9014%7C%7C&modelFilter=ES%7C2021%7C9015%7C%7C&modelFilter=UX%7C%7C%7C%7C&modelFilter=NX%7C%7C%7C%7C	60000	[]
stg-aem-lcom.origin.cepo-proxy.tms.aws.lexus.com	/rest/lexus/offers?zip=94027&offerCategory=NEW&experience=offers	60000	[]
stg-aem-lcom.origin.cepo-proxy.tms.aws.lexus.com	/rest/lexus/offers?zip=94027&offerCategory=NEW&featured=true&offerType=lease&modelFilter=ES%7C2020%7C9000%7C%7C&modelFilter=ES%7C2020%7C9002%7C%7C&modelFilter=ES%7C2020%7C9004%7C%7C&modelFilter=ES%7C2020%7C9005%7C%7C&modelFilter=ES%7C2021%7C9000%7C%7C&modelFilter=ES%7C2021%7C9002%7C%7C&modelFilter=ES%7C2021%7C9004%7C%7C&modelFilter=ES%7C2021%7C9005%7C%7C&modelFilter=ES%7C2021%7C9005SE%7C%7C&modelFilter=ES%7C2021%7C9012%7C%7C&modelFilter=ES%7C2021%7C9013%7C%7C&modelFilter=ES%7C2021%7C9014%7C%7C&modelFilter=ES%7C2021%7C9015%7C%7C&modelFilter=UX%7C%7C%7C%7C&modelFilter=NX%7C%7C%7C%7C	60000	[]
stg-aem-lcom.origin.cepo-proxy.tms.aws.lexus.com	/rest/lexus/offers?zip=56920&offerCategory=NEW&experience=offers	60000	[]
stg-aem-lcom.origin.cepo-proxy.tms.aws.lexus.com	/rest/lexus/offers?zip=56920&offerCategory=NEW&featured=true&offerType=lease&modelFilter=ES%7C2020%7C9000%7C%7C&modelFilter=ES%7C2020%7C9002%7C%7C&modelFilter=ES%7C2020%7C9004%7C%7C&modelFilter=ES%7C2020%7C9005%7C%7C&modelFilter=ES%7C2021%7C9000%7C%7C&modelFilter=ES%7C2021%7C9002%7C%7C&modelFilter=ES%7C2021%7C9004%7C%7C&modelFilter=ES%7C2021%7C9005%7C%7C&modelFilter=ES%7C2021%7C9005SE%7C%7C&modelFilter=ES%7C2021%7C9012%7C%7C&modelFilter=ES%7C2021%7C9013%7C%7C&modelFilter=ES%7C2021%7C9014%7C%7C&modelFilter=ES%7C2021%7C9015%7C%7C&modelFilter=UX%7C%7C%7C%7C&modelFilter=NX%7C%7C%7C%7C	60000	[]
stg-aem-lcom.origin.cepo-proxy.tms.aws.lexus.com	/rest/lexus/offers?zip=61704&offerCategory=NEW&experience=offers	60000	[]
stg-aem-lcom.origin.cepo-proxy.tms.aws.lexus.com	/rest/lexus/offers?zip=61704&offerCategory=NEW&featured=true&offerType=lease&modelFilter=ES%7C2020%7C9000%7C%7C&modelFilter=ES%7C2020%7C9002%7C%7C&modelFilter=ES%7C2020%7C9004%7C%7C&modelFilter=ES%7C2020%7C9005%7C%7C&modelFilter=ES%7C2021%7C9000%7C%7C&modelFilter=ES%7C2021%7C9002%7C%7C&modelFilter=ES%7C2021%7C9004%7C%7C&modelFilter=ES%7C2021%7C9005%7C%7C&modelFilter=ES%7C2021%7C9005SE%7C%7C&modelFilter=ES%7C2021%7C9012%7C%7C&modelFilter=ES%7C2021%7C9013%7C%7C&modelFilter=ES%7C2021%7C9014%7C%7C&modelFilter=ES%7C2021%7C9015%7C%7C&modelFilter=UX%7C%7C%7C%7C&modelFilter=NX%7C%7C%7C%7C	60000	[]
stg-aem-lcom.origin.cepo-proxy.tms.aws.lexus.com	/rest/lexus/offers?zip=79043&offerCategory=NEW&experience=offers	60000	[]
stg-aem-lcom.origin.cepo-proxy.tms.aws.lexus.com	/rest/lexus/offers?zip=79043&offerCategory=NEW&featured=true&offerType=lease&modelFilter=ES%7C2020%7C9000%7C%7C&modelFilter=ES%7C2020%7C9002%7C%7C&modelFilter=ES%7C2020%7C9004%7C%7C&modelFilter=ES%7C2020%7C9005%7C%7C&modelFilter=ES%7C2021%7C9000%7C%7C&modelFilter=ES%7C2021%7C9002%7C%7C&modelFilter=ES%7C2021%7C9004%7C%7C&modelFilter=ES%7C2021%7C9005%7C%7C&modelFilter=ES%7C2021%7C9005SE%7C%7C&modelFilter=ES%7C2021%7C9012%7C%7C&modelFilter=ES%7C2021%7C9013%7C%7C&modelFilter=ES%7C2021%7C9014%7C%7C&modelFilter=ES%7C2021%7C9015%7C%7C&modelFilter=UX%7C%7C%7C%7C&modelFilter=NX%7C%7C%7C%7C	60000	[]
stg-aem-lcom.origin.cepo-proxy.tms.aws.lexus.com	/rest/lexus/offers?zip=94999&offerCategory=NEW&experience=offers	60000	[]
stg-aem-lcom.origin.cepo-proxy.tms.aws.lexus.com	/rest/lexus/offers?zip=94999&offerCategory=NEW&featured=true&offerType=lease&modelFilter=ES%7C2020%7C9000%7C%7C&modelFilter=ES%7C2020%7C9002%7C%7C&modelFilter=ES%7C2020%7C9004%7C%7C&modelFilter=ES%7C2020%7C9005%7C%7C&modelFilter=ES%7C2021%7C9000%7C%7C&modelFilter=ES%7C2021%7C9002%7C%7C&modelFilter=ES%7C2021%7C9004%7C%7C&modelFilter=ES%7C2021%7C9005%7C%7C&modelFilter=ES%7C2021%7C9005SE%7C%7C&modelFilter=ES%7C2021%7C9012%7C%7C&modelFilter=ES%7C2021%7C9013%7C%7C&modelFilter=ES%7C2021%7C9014%7C%7C&modelFilter=ES%7C2021%7C9015%7C%7C&modelFilter=UX%7C%7C%7C%7C&modelFilter=NX%7C%7C%7C%7C	60000	[]
stg-aem-lcom.origin.cepo-proxy.tms.aws.lexus.com	/rest/lexus/offers?zip=20848&offerCategory=NEW&experience=offers	60000	[]
stg-aem-lcom.origin.cepo-proxy.tms.aws.lexus.com	/rest/lexus/offers?zip=20848&offerCategory=NEW&featured=true&offerType=lease&modelFilter=ES%7C2020%7C9000%7C%7C&modelFilter=ES%7C2020%7C9002%7C%7C&modelFilter=ES%7C2020%7C9004%7C%7C&modelFilter=ES%7C2020%7C9005%7C%7C&modelFilter=ES%7C2021%7C9000%7C%7C&modelFilter=ES%7C2021%7C9002%7C%7C&modelFilter=ES%7C2021%7C9004%7C%7C&modelFilter=ES%7C2021%7C9005%7C%7C&modelFilter=ES%7C2021%7C9005SE%7C%7C&modelFilter=ES%7C2021%7C9012%7C%7C&modelFilter=ES%7C2021%7C9013%7C%7C&modelFilter=ES%7C2021%7C9014%7C%7C&modelFilter=ES%7C2021%7C9015%7C%7C&modelFilter=UX%7C%7C%7C%7C&modelFilter=NX%7C%7C%7C%7C	60000	[]
stg-aem-lcom.origin.cepo-proxy.tms.aws.lexus.com	/rest/lexus/offers?zip=55403&offerCategory=NEW&experience=offers	60000	[]
stg-aem-lcom.origin.cepo-proxy.tms.aws.lexus.com	/rest/lexus/offers?zip=55403&offerCategory=NEW&featured=true&offerType=lease&modelFilter=ES%7C2020%7C9000%7C%7C&modelFilter=ES%7C2020%7C9002%7C%7C&modelFilter=ES%7C2020%7C9004%7C%7C&modelFilter=ES%7C2020%7C9005%7C%7C&modelFilter=ES%7C2021%7C9000%7C%7C&modelFilter=ES%7C2021%7C9002%7C%7C&modelFilter=ES%7C2021%7C9004%7C%7C&modelFilter=ES%7C2021%7C9005%7C%7C&modelFilter=ES%7C2021%7C9005SE%7C%7C&modelFilter=ES%7C2021%7C9012%7C%7C&modelFilter=ES%7C2021%7C9013%7C%7C&modelFilter=ES%7C2021%7C9014%7C%7C&modelFilter=ES%7C2021%7C9015%7C%7C&modelFilter=UX%7C%7C%7C%7C&modelFilter=NX%7C%7C%7C%7C	60000	[]
stg-aem-lcom.origin.cepo-proxy.tms.aws.lexus.com	/rest/lexus/offers?zip=27252&offerCategory=NEW&experience=offers	60000	[]
stg-aem-lcom.origin.cepo-proxy.tms.aws.lexus.com	/rest/lexus/offers?zip=27252&offerCategory=NEW&featured=true&offerType=lease&modelFilter=ES%7C2020%7C9000%7C%7C&modelFilter=ES%7C2020%7C9002%7C%7C&modelFilter=ES%7C2020%7C9004%7C%7C&modelFilter=ES%7C2020%7C9005%7C%7C&modelFilter=ES%7C2021%7C9000%7C%7C&modelFilter=ES%7C2021%7C9002%7C%7C&modelFilter=ES%7C2021%7C9004%7C%7C&modelFilter=ES%7C2021%7C9005%7C%7C&modelFilter=ES%7C2021%7C9005SE%7C%7C&modelFilter=ES%7C2021%7C9012%7C%7C&modelFilter=ES%7C2021%7C9013%7C%7C&modelFilter=ES%7C2021%7C9014%7C%7C&modelFilter=ES%7C2021%7C9015%7C%7C&modelFilter=UX%7C%7C%7C%7C&modelFilter=NX%7C%7C%7C%7C	60000	[]
stg-aem-lcom.origin.cepo-proxy.tms.aws.lexus.com	/rest/lexus/offers?zip=98136&offerCategory=NEW&experience=offers	60000	[]
stg-aem-lcom.origin.cepo-proxy.tms.aws.lexus.com	/rest/lexus/offers?zip=98136&offerCategory=NEW&featured=true&offerType=lease&modelFilter=ES%7C2020%7C9000%7C%7C&modelFilter=ES%7C2020%7C9002%7C%7C&modelFilter=ES%7C2020%7C9004%7C%7C&modelFilter=ES%7C2020%7C9005%7C%7C&modelFilter=ES%7C2021%7C9000%7C%7C&modelFilter=ES%7C2021%7C9002%7C%7C&modelFilter=ES%7C2021%7C9004%7C%7C&modelFilter=ES%7C2021%7C9005%7C%7C&modelFilter=ES%7C2021%7C9005SE%7C%7C&modelFilter=ES%7C2021%7C9012%7C%7C&modelFilter=ES%7C2021%7C9013%7C%7C&modelFilter=ES%7C2021%7C9014%7C%7C&modelFilter=ES%7C2021%7C9015%7C%7C&modelFilter=UX%7C%7C%7C%7C&modelFilter=NX%7C%7C%7C%7C	60000	[]
stg-aem-lcom.origin.cepo-proxy.tms.aws.lexus.com	/rest/lexus/offers?zip=19382&offerCategory=NEW&experience=offers	60000	[]
stg-aem-lcom.origin.cepo-proxy.tms.aws.lexus.com	/rest/lexus/offers?zip=19382&offerCategory=NEW&featured=true&offerType=lease&modelFilter=ES%7C2020%7C9000%7C%7C&modelFilter=ES%7C2020%7C9002%7C%7C&modelFilter=ES%7C2020%7C9004%7C%7C&modelFilter=ES%7C2020%7C9005%7C%7C&modelFilter=ES%7C2021%7C9000%7C%7C&modelFilter=ES%7C2021%7C9002%7C%7C&modelFilter=ES%7C2021%7C9004%7C%7C&modelFilter=ES%7C2021%7C9005%7C%7C&modelFilter=ES%7C2021%7C9005SE%7C%7C&modelFilter=ES%7C2021%7C9012%7C%7C&modelFilter=ES%7C2021%7C9013%7C%7C&modelFilter=ES%7C2021%7C9014%7C%7C&modelFilter=ES%7C2021%7C9015%7C%7C&modelFilter=UX%7C%7C%7C%7C&modelFilter=NX%7C%7C%7C%7C	60000	[]
stg-aem-lcom.origin.cepo-proxy.tms.aws.lexus.com	/rest/lexus/offers?zip=63110&offerCategory=NEW&experience=offers	60000	[]
stg-aem-lcom.origin.cepo-proxy.tms.aws.lexus.com	/rest/lexus/offers?zip=63110&offerCategory=NEW&featured=true&offerType=lease&modelFilter=ES%7C2020%7C9000%7C%7C&modelFilter=ES%7C2020%7C9002%7C%7C&modelFilter=ES%7C2020%7C9004%7C%7C&modelFilter=ES%7C2020%7C9005%7C%7C&modelFilter=ES%7C2021%7C9000%7C%7C&modelFilter=ES%7C2021%7C9002%7C%7C&modelFilter=ES%7C2021%7C9004%7C%7C&modelFilter=ES%7C2021%7C9005%7C%7C&modelFilter=ES%7C2021%7C9005SE%7C%7C&modelFilter=ES%7C2021%7C9012%7C%7C&modelFilter=ES%7C2021%7C9013%7C%7C&modelFilter=ES%7C2021%7C9014%7C%7C&modelFilter=ES%7C2021%7C9015%7C%7C&modelFilter=UX%7C%7C%7C%7C&modelFilter=NX%7C%7C%7C%7C	60000	[]
stg-aem-lcom.origin.cepo-proxy.tms.aws.lexus.com	/rest/lexus/offers?zip=24203&offerCategory=NEW&experience=offers	60000	[]
stg-aem-lcom.origin.cepo-proxy.tms.aws.lexus.com	/rest/lexus/offers?zip=24203&offerCategory=NEW&featured=true&offerType=lease&modelFilter=ES%7C2020%7C9000%7C%7C&modelFilter=ES%7C2020%7C9002%7C%7C&modelFilter=ES%7C2020%7C9004%7C%7C&modelFilter=ES%7C2020%7C9005%7C%7C&modelFilter=ES%7C2021%7C9000%7C%7C&modelFilter=ES%7C2021%7C9002%7C%7C&modelFilter=ES%7C2021%7C9004%7C%7C&modelFilter=ES%7C2021%7C9005%7C%7C&modelFilter=ES%7C2021%7C9005SE%7C%7C&modelFilter=ES%7C2021%7C9012%7C%7C&modelFilter=ES%7C2021%7C9013%7C%7C&modelFilter=ES%7C2021%7C9014%7C%7C&modelFilter=ES%7C2021%7C9015%7C%7C&modelFilter=UX%7C%7C%7C%7C&modelFilter=NX%7C%7C%7C%7C	60000	[]
stg-aem-lcom.origin.cepo-proxy.tms.aws.lexus.com	/rest/lexus/offers?zip=92083&offerCategory=NEW&experience=offers	60000	[]
stg-aem-lcom.origin.cepo-proxy.tms.aws.lexus.com	/rest/lexus/offers?zip=92083&offerCategory=NEW&featured=true&offerType=lease&modelFilter=ES%7C2020%7C9000%7C%7C&modelFilter=ES%7C2020%7C9002%7C%7C&modelFilter=ES%7C2020%7C9004%7C%7C&modelFilter=ES%7C2020%7C9005%7C%7C&modelFilter=ES%7C2021%7C9000%7C%7C&modelFilter=ES%7C2021%7C9002%7C%7C&modelFilter=ES%7C2021%7C9004%7C%7C&modelFilter=ES%7C2021%7C9005%7C%7C&modelFilter=ES%7C2021%7C9005SE%7C%7C&modelFilter=ES%7C2021%7C9012%7C%7C&modelFilter=ES%7C2021%7C9013%7C%7C&modelFilter=ES%7C2021%7C9014%7C%7C&modelFilter=ES%7C2021%7C9015%7C%7C&modelFilter=UX%7C%7C%7C%7C&modelFilter=NX%7C%7C%7C%7C	60000	[]
stg-aem-lcom.origin.cepo-proxy.tms.aws.lexus.com	/rest/lexus/offers?zip=22442&offerCategory=NEW&experience=offers	60000	[]
stg-aem-lcom.origin.cepo-proxy.tms.aws.lexus.com	/rest/lexus/offers?zip=22442&offerCategory=NEW&featured=true&offerType=lease&modelFilter=ES%7C2020%7C9000%7C%7C&modelFilter=ES%7C2020%7C9002%7C%7C&modelFilter=ES%7C2020%7C9004%7C%7C&modelFilter=ES%7C2020%7C9005%7C%7C&modelFilter=ES%7C2021%7C9000%7C%7C&modelFilter=ES%7C2021%7C9002%7C%7C&modelFilter=ES%7C2021%7C9004%7C%7C&modelFilter=ES%7C2021%7C9005%7C%7C&modelFilter=ES%7C2021%7C9005SE%7C%7C&modelFilter=ES%7C2021%7C9012%7C%7C&modelFilter=ES%7C2021%7C9013%7C%7C&modelFilter=ES%7C2021%7C9014%7C%7C&modelFilter=ES%7C2021%7C9015%7C%7C&modelFilter=UX%7C%7C%7C%7C&modelFilter=NX%7C%7C%7C%7C	60000	[]
stg-aem-lcom.origin.cepo-proxy.tms.aws.lexus.com	/rest/lexus/offers?zip=53789&offerCategory=NEW&experience=offers	60000	[]
stg-aem-lcom.origin.cepo-proxy.tms.aws.lexus.com	/rest/lexus/offers?zip=53789&offerCategory=NEW&featured=true&offerType=lease&modelFilter=ES%7C2020%7C9000%7C%7C&modelFilter=ES%7C2020%7C9002%7C%7C&modelFilter=ES%7C2020%7C9004%7C%7C&modelFilter=ES%7C2020%7C9005%7C%7C&modelFilter=ES%7C2021%7C9000%7C%7C&modelFilter=ES%7C2021%7C9002%7C%7C&modelFilter=ES%7C2021%7C9004%7C%7C&modelFilter=ES%7C2021%7C9005%7C%7C&modelFilter=ES%7C2021%7C9005SE%7C%7C&modelFilter=ES%7C2021%7C9012%7C%7C&modelFilter=ES%7C2021%7C9013%7C%7C&modelFilter=ES%7C2021%7C9014%7C%7C&modelFilter=ES%7C2021%7C9015%7C%7C&modelFilter=UX%7C%7C%7C%7C&modelFilter=NX%7C%7C%7C%7C	60000	[]
stg-aem-lcom.origin.cepo-proxy.tms.aws.lexus.com	/rest/lexus/offers?zip=30082&offerCategory=NEW&experience=offers	60000	[]
stg-aem-lcom.origin.cepo-proxy.tms.aws.lexus.com	/rest/lexus/offers?zip=30082&offerCategory=NEW&featured=true&offerType=lease&modelFilter=ES%7C2020%7C9000%7C%7C&modelFilter=ES%7C2020%7C9002%7C%7C&modelFilter=ES%7C2020%7C9004%7C%7C&modelFilter=ES%7C2020%7C9005%7C%7C&modelFilter=ES%7C2021%7C9000%7C%7C&modelFilter=ES%7C2021%7C9002%7C%7C&modelFilter=ES%7C2021%7C9004%7C%7C&modelFilter=ES%7C2021%7C9005%7C%7C&modelFilter=ES%7C2021%7C9005SE%7C%7C&modelFilter=ES%7C2021%7C9012%7C%7C&modelFilter=ES%7C2021%7C9013%7C%7C&modelFilter=ES%7C2021%7C9014%7C%7C&modelFilter=ES%7C2021%7C9015%7C%7C&modelFilter=UX%7C%7C%7C%7C&modelFilter=NX%7C%7C%7C%7C	60000	[]
stg-aem-lcom.origin.cepo-proxy.tms.aws.lexus.com	/rest/lexus/offers?zip=97494&offerCategory=NEW&experience=offers	60000	[]
stg-aem-lcom.origin.cepo-proxy.tms.aws.lexus.com	/rest/lexus/offers?zip=97494&offerCategory=NEW&featured=true&offerType=lease&modelFilter=ES%7C2020%7C9000%7C%7C&modelFilter=ES%7C2020%7C9002%7C%7C&modelFilter=ES%7C2020%7C9004%7C%7C&modelFilter=ES%7C2020%7C9005%7C%7C&modelFilter=ES%7C2021%7C9000%7C%7C&modelFilter=ES%7C2021%7C9002%7C%7C&modelFilter=ES%7C2021%7C9004%7C%7C&modelFilter=ES%7C2021%7C9005%7C%7C&modelFilter=ES%7C2021%7C9005SE%7C%7C&modelFilter=ES%7C2021%7C9012%7C%7C&modelFilter=ES%7C2021%7C9013%7C%7C&modelFilter=ES%7C2021%7C9014%7C%7C&modelFilter=ES%7C2021%7C9015%7C%7C&modelFilter=UX%7C%7C%7C%7C&modelFilter=NX%7C%7C%7C%7C	60000	[]
stg-aem-lcom.origin.cepo-proxy.tms.aws.lexus.com	/rest/lexus/offers?zip=18507&offerCategory=NEW&experience=offers	60000	[]
stg-aem-lcom.origin.cepo-proxy.tms.aws.lexus.com	/rest/lexus/offers?zip=18507&offerCategory=NEW&featured=true&offerType=lease&modelFilter=ES%7C2020%7C9000%7C%7C&modelFilter=ES%7C2020%7C9002%7C%7C&modelFilter=ES%7C2020%7C9004%7C%7C&modelFilter=ES%7C2020%7C9005%7C%7C&modelFilter=ES%7C2021%7C9000%7C%7C&modelFilter=ES%7C2021%7C9002%7C%7C&modelFilter=ES%7C2021%7C9004%7C%7C&modelFilter=ES%7C2021%7C9005%7C%7C&modelFilter=ES%7C2021%7C9005SE%7C%7C&modelFilter=ES%7C2021%7C9012%7C%7C&modelFilter=ES%7C2021%7C9013%7C%7C&modelFilter=ES%7C2021%7C9014%7C%7C&modelFilter=ES%7C2021%7C9015%7C%7C&modelFilter=UX%7C%7C%7C%7C&modelFilter=NX%7C%7C%7C%7C	60000	[]
stg-aem-lcom.origin.cepo-proxy.tms.aws.lexus.com	/rest/lexus/offers?zip=49509&offerCategory=NEW&experience=offers	60000	[]
stg-aem-lcom.origin.cepo-proxy.tms.aws.lexus.com	/rest/lexus/offers?zip=49509&offerCategory=NEW&featured=true&offerType=lease&modelFilter=ES%7C2020%7C9000%7C%7C&modelFilter=ES%7C2020%7C9002%7C%7C&modelFilter=ES%7C2020%7C9004%7C%7C&modelFilter=ES%7C2020%7C9005%7C%7C&modelFilter=ES%7C2021%7C9000%7C%7C&modelFilter=ES%7C2021%7C9002%7C%7C&modelFilter=ES%7C2021%7C9004%7C%7C&modelFilter=ES%7C2021%7C9005%7C%7C&modelFilter=ES%7C2021%7C9005SE%7C%7C&modelFilter=ES%7C2021%7C9012%7C%7C&modelFilter=ES%7C2021%7C9013%7C%7C&modelFilter=ES%7C2021%7C9014%7C%7C&modelFilter=ES%7C2021%7C9015%7C%7C&modelFilter=UX%7C%7C%7C%7C&modelFilter=NX%7C%7C%7C%7C	60000	[]
stg-aem-lcom.origin.cepo-proxy.tms.aws.lexus.com	/rest/lexus/offers?zip=35180&offerCategory=NEW&experience=offers	60000	[]
stg-aem-lcom.origin.cepo-proxy.tms.aws.lexus.com	/rest/lexus/offers?zip=35180&offerCategory=NEW&featured=true&offerType=lease&modelFilter=ES%7C2020%7C9000%7C%7C&modelFilter=ES%7C2020%7C9002%7C%7C&modelFilter=ES%7C2020%7C9004%7C%7C&modelFilter=ES%7C2020%7C9005%7C%7C&modelFilter=ES%7C2021%7C9000%7C%7C&modelFilter=ES%7C2021%7C9002%7C%7C&modelFilter=ES%7C2021%7C9004%7C%7C&modelFilter=ES%7C2021%7C9005%7C%7C&modelFilter=ES%7C2021%7C9005SE%7C%7C&modelFilter=ES%7C2021%7C9012%7C%7C&modelFilter=ES%7C2021%7C9013%7C%7C&modelFilter=ES%7C2021%7C9014%7C%7C&modelFilter=ES%7C2021%7C9015%7C%7C&modelFilter=UX%7C%7C%7C%7C&modelFilter=NX%7C%7C%7C%7C	60000	[]
stg-aem-lcom.origin.cepo-proxy.tms.aws.lexus.com	/rest/lexus/offers?zip=91333&offerCategory=NEW&experience=offers	60000	[]
stg-aem-lcom.origin.cepo-proxy.tms.aws.lexus.com	/rest/lexus/offers?zip=91333&offerCategory=NEW&featured=true&offerType=lease&modelFilter=ES%7C2020%7C9000%7C%7C&modelFilter=ES%7C2020%7C9002%7C%7C&modelFilter=ES%7C2020%7C9004%7C%7C&modelFilter=ES%7C2020%7C9005%7C%7C&modelFilter=ES%7C2021%7C9000%7C%7C&modelFilter=ES%7C2021%7C9002%7C%7C&modelFilter=ES%7C2021%7C9004%7C%7C&modelFilter=ES%7C2021%7C9005%7C%7C&modelFilter=ES%7C2021%7C9005SE%7C%7C&modelFilter=ES%7C2021%7C9012%7C%7C&modelFilter=ES%7C2021%7C9013%7C%7C&modelFilter=ES%7C2021%7C9014%7C%7C&modelFilter=ES%7C2021%7C9015%7C%7C&modelFilter=UX%7C%7C%7C%7C&modelFilter=NX%7C%7C%7C%7C	60000	[]
stg-aem-lcom.origin.cepo-proxy.tms.aws.lexus.com	/rest/lexus/offers?zip=04263&offerCategory=NEW&experience=offers	60000	[]
stg-aem-lcom.origin.cepo-proxy.tms.aws.lexus.com	/rest/lexus/offers?zip=04263&offerCategory=NEW&featured=true&offerType=lease&modelFilter=ES%7C2020%7C9000%7C%7C&modelFilter=ES%7C2020%7C9002%7C%7C&modelFilter=ES%7C2020%7C9004%7C%7C&modelFilter=ES%7C2020%7C9005%7C%7C&modelFilter=ES%7C2021%7C9000%7C%7C&modelFilter=ES%7C2021%7C9002%7C%7C&modelFilter=ES%7C2021%7C9004%7C%7C&modelFilter=ES%7C2021%7C9005%7C%7C&modelFilter=ES%7C2021%7C9005SE%7C%7C&modelFilter=ES%7C2021%7C9012%7C%7C&modelFilter=ES%7C2021%7C9013%7C%7C&modelFilter=ES%7C2021%7C9014%7C%7C&modelFilter=ES%7C2021%7C9015%7C%7C&modelFilter=UX%7C%7C%7C%7C&modelFilter=NX%7C%7C%7C%7C	60000	[]
stg-aem-lcom.origin.cepo-proxy.tms.aws.lexus.com	/rest/lexus/offers?zip=46247&offerCategory=NEW&experience=offers	60000	[]
stg-aem-lcom.origin.cepo-proxy.tms.aws.lexus.com	/rest/lexus/offers?zip=46247&offerCategory=NEW&featured=true&offerType=lease&modelFilter=ES%7C2020%7C9000%7C%7C&modelFilter=ES%7C2020%7C9002%7C%7C&modelFilter=ES%7C2020%7C9004%7C%7C&modelFilter=ES%7C2020%7C9005%7C%7C&modelFilter=ES%7C2021%7C9000%7C%7C&modelFilter=ES%7C2021%7C9002%7C%7C&modelFilter=ES%7C2021%7C9004%7C%7C&modelFilter=ES%7C2021%7C9005%7C%7C&modelFilter=ES%7C2021%7C9005SE%7C%7C&modelFilter=ES%7C2021%7C9012%7C%7C&modelFilter=ES%7C2021%7C9013%7C%7C&modelFilter=ES%7C2021%7C9014%7C%7C&modelFilter=ES%7C2021%7C9015%7C%7C&modelFilter=UX%7C%7C%7C%7C&modelFilter=NX%7C%7C%7C%7C	60000	[]
stg-aem-lcom.origin.cepo-proxy.tms.aws.lexus.com	/rest/lexus/offers?zip=77240&offerCategory=NEW&experience=offers	60000	[]
stg-aem-lcom.origin.cepo-proxy.tms.aws.lexus.com	/rest/lexus/offers?zip=77240&offerCategory=NEW&featured=true&offerType=lease&modelFilter=ES%7C2020%7C9000%7C%7C&modelFilter=ES%7C2020%7C9002%7C%7C&modelFilter=ES%7C2020%7C9004%7C%7C&modelFilter=ES%7C2020%7C9005%7C%7C&modelFilter=ES%7C2021%7C9000%7C%7C&modelFilter=ES%7C2021%7C9002%7C%7C&modelFilter=ES%7C2021%7C9004%7C%7C&modelFilter=ES%7C2021%7C9005%7C%7C&modelFilter=ES%7C2021%7C9005SE%7C%7C&modelFilter=ES%7C2021%7C9012%7C%7C&modelFilter=ES%7C2021%7C9013%7C%7C&modelFilter=ES%7C2021%7C9014%7C%7C&modelFilter=ES%7C2021%7C9015%7C%7C&modelFilter=UX%7C%7C%7C%7C&modelFilter=NX%7C%7C%7C%7C	60000	[]
stg-aem-lcom.origin.cepo-proxy.tms.aws.lexus.com	/rest/lexus/offers?zip=93620&offerCategory=NEW&experience=offers	60000	[]
stg-aem-lcom.origin.cepo-proxy.tms.aws.lexus.com	/rest/lexus/offers?zip=93620&offerCategory=NEW&featured=true&offerType=lease&modelFilter=ES%7C2020%7C9000%7C%7C&modelFilter=ES%7C2020%7C9002%7C%7C&modelFilter=ES%7C2020%7C9004%7C%7C&modelFilter=ES%7C2020%7C9005%7C%7C&modelFilter=ES%7C2021%7C9000%7C%7C&modelFilter=ES%7C2021%7C9002%7C%7C&modelFilter=ES%7C2021%7C9004%7C%7C&modelFilter=ES%7C2021%7C9005%7C%7C&modelFilter=ES%7C2021%7C9005SE%7C%7C&modelFilter=ES%7C2021%7C9012%7C%7C&modelFilter=ES%7C2021%7C9013%7C%7C&modelFilter=ES%7C2021%7C9014%7C%7C&modelFilter=ES%7C2021%7C9015%7C%7C&modelFilter=UX%7C%7C%7C%7C&modelFilter=NX%7C%7C%7C%7C	60000	[]
stg-aem-lcom.origin.cepo-proxy.tms.aws.lexus.com	/rest/lexus/offers?zip=02180&offerCategory=NEW&experience=offers	60000	[]
stg-aem-lcom.origin.cepo-proxy.tms.aws.lexus.com	/rest/lexus/offers?zip=02180&offerCategory=NEW&featured=true&offerType=lease&modelFilter=ES%7C2020%7C9000%7C%7C&modelFilter=ES%7C2020%7C9002%7C%7C&modelFilter=ES%7C2020%7C9004%7C%7C&modelFilter=ES%7C2020%7C9005%7C%7C&modelFilter=ES%7C2021%7C9000%7C%7C&modelFilter=ES%7C2021%7C9002%7C%7C&modelFilter=ES%7C2021%7C9004%7C%7C&modelFilter=ES%7C2021%7C9005%7C%7C&modelFilter=ES%7C2021%7C9005SE%7C%7C&modelFilter=ES%7C2021%7C9012%7C%7C&modelFilter=ES%7C2021%7C9013%7C%7C&modelFilter=ES%7C2021%7C9014%7C%7C&modelFilter=ES%7C2021%7C9015%7C%7C&modelFilter=UX%7C%7C%7C%7C&modelFilter=NX%7C%7C%7C%7C	60000	[]
stg-aem-lcom.origin.cepo-proxy.tms.aws.lexus.com	/rest/lexus/offers?zip=64083&offerCategory=NEW&experience=offers	60000	[]
stg-aem-lcom.origin.cepo-proxy.tms.aws.lexus.com	/rest/lexus/offers?zip=64083&offerCategory=NEW&featured=true&offerType=lease&modelFilter=ES%7C2020%7C9000%7C%7C&modelFilter=ES%7C2020%7C9002%7C%7C&modelFilter=ES%7C2020%7C9004%7C%7C&modelFilter=ES%7C2020%7C9005%7C%7C&modelFilter=ES%7C2021%7C9000%7C%7C&modelFilter=ES%7C2021%7C9002%7C%7C&modelFilter=ES%7C2021%7C9004%7C%7C&modelFilter=ES%7C2021%7C9005%7C%7C&modelFilter=ES%7C2021%7C9005SE%7C%7C&modelFilter=ES%7C2021%7C9012%7C%7C&modelFilter=ES%7C2021%7C9013%7C%7C&modelFilter=ES%7C2021%7C9014%7C%7C&modelFilter=ES%7C2021%7C9015%7C%7C&modelFilter=UX%7C%7C%7C%7C&modelFilter=NX%7C%7C%7C%7C	60000	[]
stg-aem-lcom.origin.cepo-proxy.tms.aws.lexus.com	/rest/lexus/offers?zip=29654&offerCategory=NEW&experience=offers	60000	[]
stg-aem-lcom.origin.cepo-proxy.tms.aws.lexus.com	/rest/lexus/offers?zip=29654&offerCategory=NEW&featured=true&offerType=lease&modelFilter=ES%7C2020%7C9000%7C%7C&modelFilter=ES%7C2020%7C9002%7C%7C&modelFilter=ES%7C2020%7C9004%7C%7C&modelFilter=ES%7C2020%7C9005%7C%7C&modelFilter=ES%7C2021%7C9000%7C%7C&modelFilter=ES%7C2021%7C9002%7C%7C&modelFilter=ES%7C2021%7C9004%7C%7C&modelFilter=ES%7C2021%7C9005%7C%7C&modelFilter=ES%7C2021%7C9005SE%7C%7C&modelFilter=ES%7C2021%7C9012%7C%7C&modelFilter=ES%7C2021%7C9013%7C%7C&modelFilter=ES%7C2021%7C9014%7C%7C&modelFilter=ES%7C2021%7C9015%7C%7C&modelFilter=UX%7C%7C%7C%7C&modelFilter=NX%7C%7C%7C%7C	60000	[]
stg-aem-lcom.origin.cepo-proxy.tms.aws.lexus.com	/rest/lexus/offers?zip=80161&offerCategory=NEW&experience=offers	60000	[]
stg-aem-lcom.origin.cepo-proxy.tms.aws.lexus.com	/rest/lexus/offers?zip=80161&offerCategory=NEW&featured=true&offerType=lease&modelFilter=ES%7C2020%7C9000%7C%7C&modelFilter=ES%7C2020%7C9002%7C%7C&modelFilter=ES%7C2020%7C9004%7C%7C&modelFilter=ES%7C2020%7C9005%7C%7C&modelFilter=ES%7C2021%7C9000%7C%7C&modelFilter=ES%7C2021%7C9002%7C%7C&modelFilter=ES%7C2021%7C9004%7C%7C&modelFilter=ES%7C2021%7C9005%7C%7C&modelFilter=ES%7C2021%7C9005SE%7C%7C&modelFilter=ES%7C2021%7C9012%7C%7C&modelFilter=ES%7C2021%7C9013%7C%7C&modelFilter=ES%7C2021%7C9014%7C%7C&modelFilter=ES%7C2021%7C9015%7C%7C&modelFilter=UX%7C%7C%7C%7C&modelFilter=NX%7C%7C%7C%7C	60000	[]
stg-aem-lcom.origin.cepo-proxy.tms.aws.lexus.com	/rest/lexus/offers?zip=14226&offerCategory=NEW&experience=offers	60000	[]
stg-aem-lcom.origin.cepo-proxy.tms.aws.lexus.com	/rest/lexus/offers?zip=14226&offerCategory=NEW&featured=true&offerType=lease&modelFilter=ES%7C2020%7C9000%7C%7C&modelFilter=ES%7C2020%7C9002%7C%7C&modelFilter=ES%7C2020%7C9004%7C%7C&modelFilter=ES%7C2020%7C9005%7C%7C&modelFilter=ES%7C2021%7C9000%7C%7C&modelFilter=ES%7C2021%7C9002%7C%7C&modelFilter=ES%7C2021%7C9004%7C%7C&modelFilter=ES%7C2021%7C9005%7C%7C&modelFilter=ES%7C2021%7C9005SE%7C%7C&modelFilter=ES%7C2021%7C9012%7C%7C&modelFilter=ES%7C2021%7C9013%7C%7C&modelFilter=ES%7C2021%7C9014%7C%7C&modelFilter=ES%7C2021%7C9015%7C%7C&modelFilter=UX%7C%7C%7C%7C&modelFilter=NX%7C%7C%7C%7C	60000	[]
stg-aem-lcom.origin.cepo-proxy.tms.aws.lexus.com	/rest/lexus/offers?zip=50277&offerCategory=NEW&experience=offers	60000	[]
stg-aem-lcom.origin.cepo-proxy.tms.aws.lexus.com	/rest/lexus/offers?zip=50277&offerCategory=NEW&featured=true&offerType=lease&modelFilter=ES%7C2020%7C9000%7C%7C&modelFilter=ES%7C2020%7C9002%7C%7C&modelFilter=ES%7C2020%7C9004%7C%7C&modelFilter=ES%7C2020%7C9005%7C%7C&modelFilter=ES%7C2021%7C9000%7C%7C&modelFilter=ES%7C2021%7C9002%7C%7C&modelFilter=ES%7C2021%7C9004%7C%7C&modelFilter=ES%7C2021%7C9005%7C%7C&modelFilter=ES%7C2021%7C9005SE%7C%7C&modelFilter=ES%7C2021%7C9012%7C%7C&modelFilter=ES%7C2021%7C9013%7C%7C&modelFilter=ES%7C2021%7C9014%7C%7C&modelFilter=ES%7C2021%7C9015%7C%7C&modelFilter=UX%7C%7C%7C%7C&modelFilter=NX%7C%7C%7C%7C	60000	[]
stg-aem-lcom.origin.cepo-proxy.tms.aws.lexus.com	/rest/lexus/offers?zip=71414&offerCategory=NEW&experience=offers	60000	[]
stg-aem-lcom.origin.cepo-proxy.tms.aws.lexus.com	/rest/lexus/offers?zip=71414&offerCategory=NEW&featured=true&offerType=lease&modelFilter=ES%7C2020%7C9000%7C%7C&modelFilter=ES%7C2020%7C9002%7C%7C&modelFilter=ES%7C2020%7C9004%7C%7C&modelFilter=ES%7C2020%7C9005%7C%7C&modelFilter=ES%7C2021%7C9000%7C%7C&modelFilter=ES%7C2021%7C9002%7C%7C&modelFilter=ES%7C2021%7C9004%7C%7C&modelFilter=ES%7C2021%7C9005%7C%7C&modelFilter=ES%7C2021%7C9005SE%7C%7C&modelFilter=ES%7C2021%7C9012%7C%7C&modelFilter=ES%7C2021%7C9013%7C%7C&modelFilter=ES%7C2021%7C9014%7C%7C&modelFilter=ES%7C2021%7C9015%7C%7C&modelFilter=UX%7C%7C%7C%7C&modelFilter=NX%7C%7C%7C%7C	60000	[]
stg-aem-lcom.origin.cepo-proxy.tms.aws.lexus.com	/rest/lexus/offers?zip=83716&offerCategory=NEW&experience=offers	60000	[]
stg-aem-lcom.origin.cepo-proxy.tms.aws.lexus.com	/rest/lexus/offers?zip=83716&offerCategory=NEW&featured=true&offerType=lease&modelFilter=ES%7C2020%7C9000%7C%7C&modelFilter=ES%7C2020%7C9002%7C%7C&modelFilter=ES%7C2020%7C9004%7C%7C&modelFilter=ES%7C2020%7C9005%7C%7C&modelFilter=ES%7C2021%7C9000%7C%7C&modelFilter=ES%7C2021%7C9002%7C%7C&modelFilter=ES%7C2021%7C9004%7C%7C&modelFilter=ES%7C2021%7C9005%7C%7C&modelFilter=ES%7C2021%7C9005SE%7C%7C&modelFilter=ES%7C2021%7C9012%7C%7C&modelFilter=ES%7C2021%7C9013%7C%7C&modelFilter=ES%7C2021%7C9014%7C%7C&modelFilter=ES%7C2021%7C9015%7C%7C&modelFilter=UX%7C%7C%7C%7C&modelFilter=NX%7C%7C%7C%7C	60000	[]
stg-aem-lcom.origin.cepo-proxy.tms.aws.lexus.com	/rest/lexus/offers?zip=20509&offerCategory=NEW&experience=offers	60000	[]
stg-aem-lcom.origin.cepo-proxy.tms.aws.lexus.com	/rest/lexus/offers?zip=20509&offerCategory=NEW&featured=true&offerType=lease&modelFilter=ES%7C2020%7C9000%7C%7C&modelFilter=ES%7C2020%7C9002%7C%7C&modelFilter=ES%7C2020%7C9004%7C%7C&modelFilter=ES%7C2020%7C9005%7C%7C&modelFilter=ES%7C2021%7C9000%7C%7C&modelFilter=ES%7C2021%7C9002%7C%7C&modelFilter=ES%7C2021%7C9004%7C%7C&modelFilter=ES%7C2021%7C9005%7C%7C&modelFilter=ES%7C2021%7C9005SE%7C%7C&modelFilter=ES%7C2021%7C9012%7C%7C&modelFilter=ES%7C2021%7C9013%7C%7C&modelFilter=ES%7C2021%7C9014%7C%7C&modelFilter=ES%7C2021%7C9015%7C%7C&modelFilter=UX%7C%7C%7C%7C&modelFilter=NX%7C%7C%7C%7C	60000	[]
stg-aem-lcom.origin.cepo-proxy.tms.aws.lexus.com	/rest/lexus/offers?zip=46051&offerCategory=NEW&experience=offers	60000	[]
stg-aem-lcom.origin.cepo-proxy.tms.aws.lexus.com	/rest/lexus/offers?zip=46051&offerCategory=NEW&featured=true&offerType=lease&modelFilter=ES%7C2020%7C9000%7C%7C&modelFilter=ES%7C2020%7C9002%7C%7C&modelFilter=ES%7C2020%7C9004%7C%7C&modelFilter=ES%7C2020%7C9005%7C%7C&modelFilter=ES%7C2021%7C9000%7C%7C&modelFilter=ES%7C2021%7C9002%7C%7C&modelFilter=ES%7C2021%7C9004%7C%7C&modelFilter=ES%7C2021%7C9005%7C%7C&modelFilter=ES%7C2021%7C9005SE%7C%7C&modelFilter=ES%7C2021%7C9012%7C%7C&modelFilter=ES%7C2021%7C9013%7C%7C&modelFilter=ES%7C2021%7C9014%7C%7C&modelFilter=ES%7C2021%7C9015%7C%7C&modelFilter=UX%7C%7C%7C%7C&modelFilter=NX%7C%7C%7C%7C	60000	[]
stg-aem-lcom.origin.cepo-proxy.tms.aws.lexus.com	/rest/lexus/offers?zip=37857&offerCategory=NEW&experience=offers	60000	[]
stg-aem-lcom.origin.cepo-proxy.tms.aws.lexus.com	/rest/lexus/offers?zip=37857&offerCategory=NEW&featured=true&offerType=lease&modelFilter=ES%7C2020%7C9000%7C%7C&modelFilter=ES%7C2020%7C9002%7C%7C&modelFilter=ES%7C2020%7C9004%7C%7C&modelFilter=ES%7C2020%7C9005%7C%7C&modelFilter=ES%7C2021%7C9000%7C%7C&modelFilter=ES%7C2021%7C9002%7C%7C&modelFilter=ES%7C2021%7C9004%7C%7C&modelFilter=ES%7C2021%7C9005%7C%7C&modelFilter=ES%7C2021%7C9005SE%7C%7C&modelFilter=ES%7C2021%7C9012%7C%7C&modelFilter=ES%7C2021%7C9013%7C%7C&modelFilter=ES%7C2021%7C9014%7C%7C&modelFilter=ES%7C2021%7C9015%7C%7C&modelFilter=UX%7C%7C%7C%7C&modelFilter=NX%7C%7C%7C%7C	60000	[]
stg-aem-lcom.origin.cepo-proxy.tms.aws.lexus.com	/rest/lexus/offers?zip=85035&offerCategory=NEW&experience=offers	60000	[]
stg-aem-lcom.origin.cepo-proxy.tms.aws.lexus.com	/rest/lexus/offers?zip=85035&offerCategory=NEW&featured=true&offerType=lease&modelFilter=ES%7C2020%7C9000%7C%7C&modelFilter=ES%7C2020%7C9002%7C%7C&modelFilter=ES%7C2020%7C9004%7C%7C&modelFilter=ES%7C2020%7C9005%7C%7C&modelFilter=ES%7C2021%7C9000%7C%7C&modelFilter=ES%7C2021%7C9002%7C%7C&modelFilter=ES%7C2021%7C9004%7C%7C&modelFilter=ES%7C2021%7C9005%7C%7C&modelFilter=ES%7C2021%7C9005SE%7C%7C&modelFilter=ES%7C2021%7C9012%7C%7C&modelFilter=ES%7C2021%7C9013%7C%7C&modelFilter=ES%7C2021%7C9014%7C%7C&modelFilter=ES%7C2021%7C9015%7C%7C&modelFilter=UX%7C%7C%7C%7C&modelFilter=NX%7C%7C%7C%7C	60000	[]
stg-aem-lcom.origin.cepo-proxy.tms.aws.lexus.com	/rest/lexus/offers?zip=07739&offerCategory=NEW&experience=offers	60000	[]
stg-aem-lcom.origin.cepo-proxy.tms.aws.lexus.com	/rest/lexus/offers?zip=07739&offerCategory=NEW&featured=true&offerType=lease&modelFilter=ES%7C2020%7C9000%7C%7C&modelFilter=ES%7C2020%7C9002%7C%7C&modelFilter=ES%7C2020%7C9004%7C%7C&modelFilter=ES%7C2020%7C9005%7C%7C&modelFilter=ES%7C2021%7C9000%7C%7C&modelFilter=ES%7C2021%7C9002%7C%7C&modelFilter=ES%7C2021%7C9004%7C%7C&modelFilter=ES%7C2021%7C9005%7C%7C&modelFilter=ES%7C2021%7C9005SE%7C%7C&modelFilter=ES%7C2021%7C9012%7C%7C&modelFilter=ES%7C2021%7C9013%7C%7C&modelFilter=ES%7C2021%7C9014%7C%7C&modelFilter=ES%7C2021%7C9015%7C%7C&modelFilter=UX%7C%7C%7C%7C&modelFilter=NX%7C%7C%7C%7C	60000	[]
stg-aem-lcom.origin.cepo-proxy.tms.aws.lexus.com	/rest/lexus/offers?zip=47610&offerCategory=NEW&experience=offers	60000	[]
stg-aem-lcom.origin.cepo-proxy.tms.aws.lexus.com	/rest/lexus/offers?zip=47610&offerCategory=NEW&featured=true&offerType=lease&modelFilter=ES%7C2020%7C9000%7C%7C&modelFilter=ES%7C2020%7C9002%7C%7C&modelFilter=ES%7C2020%7C9004%7C%7C&modelFilter=ES%7C2020%7C9005%7C%7C&modelFilter=ES%7C2021%7C9000%7C%7C&modelFilter=ES%7C2021%7C9002%7C%7C&modelFilter=ES%7C2021%7C9004%7C%7C&modelFilter=ES%7C2021%7C9005%7C%7C&modelFilter=ES%7C2021%7C9005SE%7C%7C&modelFilter=ES%7C2021%7C9012%7C%7C&modelFilter=ES%7C2021%7C9013%7C%7C&modelFilter=ES%7C2021%7C9014%7C%7C&modelFilter=ES%7C2021%7C9015%7C%7C&modelFilter=UX%7C%7C%7C%7C&modelFilter=NX%7C%7C%7C%7C	60000	[]
stg-aem-lcom.origin.cepo-proxy.tms.aws.lexus.com	/rest/lexus/offers?zip=36587&offerCategory=NEW&experience=offers	60000	[]
stg-aem-lcom.origin.cepo-proxy.tms.aws.lexus.com	/rest/lexus/offers?zip=36587&offerCategory=NEW&featured=true&offerType=lease&modelFilter=ES%7C2020%7C9000%7C%7C&modelFilter=ES%7C2020%7C9002%7C%7C&modelFilter=ES%7C2020%7C9004%7C%7C&modelFilter=ES%7C2020%7C9005%7C%7C&modelFilter=ES%7C2021%7C9000%7C%7C&modelFilter=ES%7C2021%7C9002%7C%7C&modelFilter=ES%7C2021%7C9004%7C%7C&modelFilter=ES%7C2021%7C9005%7C%7C&modelFilter=ES%7C2021%7C9005SE%7C%7C&modelFilter=ES%7C2021%7C9012%7C%7C&modelFilter=ES%7C2021%7C9013%7C%7C&modelFilter=ES%7C2021%7C9014%7C%7C&modelFilter=ES%7C2021%7C9015%7C%7C&modelFilter=UX%7C%7C%7C%7C&modelFilter=NX%7C%7C%7C%7C	60000	[]
stg-aem-lcom.origin.cepo-proxy.tms.aws.lexus.com	/rest/lexus/offers?zip=90748&offerCategory=NEW&experience=offers	60000	[]
stg-aem-lcom.origin.cepo-proxy.tms.aws.lexus.com	/rest/lexus/offers?zip=90748&offerCategory=NEW&featured=true&offerType=lease&modelFilter=ES%7C2020%7C9000%7C%7C&modelFilter=ES%7C2020%7C9002%7C%7C&modelFilter=ES%7C2020%7C9004%7C%7C&modelFilter=ES%7C2020%7C9005%7C%7C&modelFilter=ES%7C2021%7C9000%7C%7C&modelFilter=ES%7C2021%7C9002%7C%7C&modelFilter=ES%7C2021%7C9004%7C%7C&modelFilter=ES%7C2021%7C9005%7C%7C&modelFilter=ES%7C2021%7C9005SE%7C%7C&modelFilter=ES%7C2021%7C9012%7C%7C&modelFilter=ES%7C2021%7C9013%7C%7C&modelFilter=ES%7C2021%7C9014%7C%7C&modelFilter=ES%7C2021%7C9015%7C%7C&modelFilter=UX%7C%7C%7C%7C&modelFilter=NX%7C%7C%7C%7C	60000	[]
stg-aem-lcom.origin.cepo-proxy.tms.aws.lexus.com	/rest/lexus/offers?zip=13142&offerCategory=NEW&experience=offers	60000	[]
stg-aem-lcom.origin.cepo-proxy.tms.aws.lexus.com	/rest/lexus/offers?zip=13142&offerCategory=NEW&featured=true&offerType=lease&modelFilter=ES%7C2020%7C9000%7C%7C&modelFilter=ES%7C2020%7C9002%7C%7C&modelFilter=ES%7C2020%7C9004%7C%7C&modelFilter=ES%7C2020%7C9005%7C%7C&modelFilter=ES%7C2021%7C9000%7C%7C&modelFilter=ES%7C2021%7C9002%7C%7C&modelFilter=ES%7C2021%7C9004%7C%7C&modelFilter=ES%7C2021%7C9005%7C%7C&modelFilter=ES%7C2021%7C9005SE%7C%7C&modelFilter=ES%7C2021%7C9012%7C%7C&modelFilter=ES%7C2021%7C9013%7C%7C&modelFilter=ES%7C2021%7C9014%7C%7C&modelFilter=ES%7C2021%7C9015%7C%7C&modelFilter=UX%7C%7C%7C%7C&modelFilter=NX%7C%7C%7C%7C	60000	[]
stg-aem-lcom.origin.cepo-proxy.tms.aws.lexus.com	/rest/lexus/offers?zip=60622&offerCategory=NEW&experience=offers	60000	[]
stg-aem-lcom.origin.cepo-proxy.tms.aws.lexus.com	/rest/lexus/offers?zip=60622&offerCategory=NEW&featured=true&offerType=lease&modelFilter=ES%7C2020%7C9000%7C%7C&modelFilter=ES%7C2020%7C9002%7C%7C&modelFilter=ES%7C2020%7C9004%7C%7C&modelFilter=ES%7C2020%7C9005%7C%7C&modelFilter=ES%7C2021%7C9000%7C%7C&modelFilter=ES%7C2021%7C9002%7C%7C&modelFilter=ES%7C2021%7C9004%7C%7C&modelFilter=ES%7C2021%7C9005%7C%7C&modelFilter=ES%7C2021%7C9005SE%7C%7C&modelFilter=ES%7C2021%7C9012%7C%7C&modelFilter=ES%7C2021%7C9013%7C%7C&modelFilter=ES%7C2021%7C9014%7C%7C&modelFilter=ES%7C2021%7C9015%7C%7C&modelFilter=UX%7C%7C%7C%7C&modelFilter=NX%7C%7C%7C%7C	60000	[]
stg-aem-lcom.origin.cepo-proxy.tms.aws.lexus.com	/rest/lexus/offers?zip=30326&offerCategory=NEW&experience=offers	60000	[]
stg-aem-lcom.origin.cepo-proxy.tms.aws.lexus.com	/rest/lexus/offers?zip=30326&offerCategory=NEW&featured=true&offerType=lease&modelFilter=ES%7C2020%7C9000%7C%7C&modelFilter=ES%7C2020%7C9002%7C%7C&modelFilter=ES%7C2020%7C9004%7C%7C&modelFilter=ES%7C2020%7C9005%7C%7C&modelFilter=ES%7C2021%7C9000%7C%7C&modelFilter=ES%7C2021%7C9002%7C%7C&modelFilter=ES%7C2021%7C9004%7C%7C&modelFilter=ES%7C2021%7C9005%7C%7C&modelFilter=ES%7C2021%7C9005SE%7C%7C&modelFilter=ES%7C2021%7C9012%7C%7C&modelFilter=ES%7C2021%7C9013%7C%7C&modelFilter=ES%7C2021%7C9014%7C%7C&modelFilter=ES%7C2021%7C9015%7C%7C&modelFilter=UX%7C%7C%7C%7C&modelFilter=NX%7C%7C%7C%7C	60000	[]
stg-aem-lcom.origin.cepo-proxy.tms.aws.lexus.com	/rest/lexus/offers?zip=80835&offerCategory=NEW&experience=offers	60000	[]
stg-aem-lcom.origin.cepo-proxy.tms.aws.lexus.com	/rest/lexus/offers?zip=80835&offerCategory=NEW&featured=true&offerType=lease&modelFilter=ES%7C2020%7C9000%7C%7C&modelFilter=ES%7C2020%7C9002%7C%7C&modelFilter=ES%7C2020%7C9004%7C%7C&modelFilter=ES%7C2020%7C9005%7C%7C&modelFilter=ES%7C2021%7C9000%7C%7C&modelFilter=ES%7C2021%7C9002%7C%7C&modelFilter=ES%7C2021%7C9004%7C%7C&modelFilter=ES%7C2021%7C9005%7C%7C&modelFilter=ES%7C2021%7C9005SE%7C%7C&modelFilter=ES%7C2021%7C9012%7C%7C&modelFilter=ES%7C2021%7C9013%7C%7C&modelFilter=ES%7C2021%7C9014%7C%7C&modelFilter=ES%7C2021%7C9015%7C%7C&modelFilter=UX%7C%7C%7C%7C&modelFilter=NX%7C%7C%7C%7C	60000	[]
stg-aem-lcom.origin.cepo-proxy.tms.aws.lexus.com	/rest/lexus/offers?zip=20701&offerCategory=NEW&experience=offers	60000	[]
stg-aem-lcom.origin.cepo-proxy.tms.aws.lexus.com	/rest/lexus/offers?zip=20701&offerCategory=NEW&featured=true&offerType=lease&modelFilter=ES%7C2020%7C9000%7C%7C&modelFilter=ES%7C2020%7C9002%7C%7C&modelFilter=ES%7C2020%7C9004%7C%7C&modelFilter=ES%7C2020%7C9005%7C%7C&modelFilter=ES%7C2021%7C9000%7C%7C&modelFilter=ES%7C2021%7C9002%7C%7C&modelFilter=ES%7C2021%7C9004%7C%7C&modelFilter=ES%7C2021%7C9005%7C%7C&modelFilter=ES%7C2021%7C9005SE%7C%7C&modelFilter=ES%7C2021%7C9012%7C%7C&modelFilter=ES%7C2021%7C9013%7C%7C&modelFilter=ES%7C2021%7C9014%7C%7C&modelFilter=ES%7C2021%7C9015%7C%7C&modelFilter=UX%7C%7C%7C%7C&modelFilter=NX%7C%7C%7C%7C	60000	[]
stg-aem-lcom.origin.cepo-proxy.tms.aws.lexus.com	/rest/lexus/offers?zip=66087&offerCategory=NEW&experience=offers	60000	[]
stg-aem-lcom.origin.cepo-proxy.tms.aws.lexus.com	/rest/lexus/offers?zip=66087&offerCategory=NEW&featured=true&offerType=lease&modelFilter=ES%7C2020%7C9000%7C%7C&modelFilter=ES%7C2020%7C9002%7C%7C&modelFilter=ES%7C2020%7C9004%7C%7C&modelFilter=ES%7C2020%7C9005%7C%7C&modelFilter=ES%7C2021%7C9000%7C%7C&modelFilter=ES%7C2021%7C9002%7C%7C&modelFilter=ES%7C2021%7C9004%7C%7C&modelFilter=ES%7C2021%7C9005%7C%7C&modelFilter=ES%7C2021%7C9005SE%7C%7C&modelFilter=ES%7C2021%7C9012%7C%7C&modelFilter=ES%7C2021%7C9013%7C%7C&modelFilter=ES%7C2021%7C9014%7C%7C&modelFilter=ES%7C2021%7C9015%7C%7C&modelFilter=UX%7C%7C%7C%7C&modelFilter=NX%7C%7C%7C%7C	60000	[]
stg-aem-lcom.origin.cepo-proxy.tms.aws.lexus.com	/rest/lexus/offers?zip=37024&offerCategory=NEW&experience=offers	60000	[]
stg-aem-lcom.origin.cepo-proxy.tms.aws.lexus.com	/rest/lexus/offers?zip=37024&offerCategory=NEW&featured=true&offerType=lease&modelFilter=ES%7C2020%7C9000%7C%7C&modelFilter=ES%7C2020%7C9002%7C%7C&modelFilter=ES%7C2020%7C9004%7C%7C&modelFilter=ES%7C2020%7C9005%7C%7C&modelFilter=ES%7C2021%7C9000%7C%7C&modelFilter=ES%7C2021%7C9002%7C%7C&modelFilter=ES%7C2021%7C9004%7C%7C&modelFilter=ES%7C2021%7C9005%7C%7C&modelFilter=ES%7C2021%7C9005SE%7C%7C&modelFilter=ES%7C2021%7C9012%7C%7C&modelFilter=ES%7C2021%7C9013%7C%7C&modelFilter=ES%7C2021%7C9014%7C%7C&modelFilter=ES%7C2021%7C9015%7C%7C&modelFilter=UX%7C%7C%7C%7C&modelFilter=NX%7C%7C%7C%7C	60000	[]
stg-aem-lcom.origin.cepo-proxy.tms.aws.lexus.com	/rest/lexus/offers?zip=89129&offerCategory=NEW&experience=offers	60000	[]
stg-aem-lcom.origin.cepo-proxy.tms.aws.lexus.com	/rest/lexus/offers?zip=89129&offerCategory=NEW&featured=true&offerType=lease&modelFilter=ES%7C2020%7C9000%7C%7C&modelFilter=ES%7C2020%7C9002%7C%7C&modelFilter=ES%7C2020%7C9004%7C%7C&modelFilter=ES%7C2020%7C9005%7C%7C&modelFilter=ES%7C2021%7C9000%7C%7C&modelFilter=ES%7C2021%7C9002%7C%7C&modelFilter=ES%7C2021%7C9004%7C%7C&modelFilter=ES%7C2021%7C9005%7C%7C&modelFilter=ES%7C2021%7C9005SE%7C%7C&modelFilter=ES%7C2021%7C9012%7C%7C&modelFilter=ES%7C2021%7C9013%7C%7C&modelFilter=ES%7C2021%7C9014%7C%7C&modelFilter=ES%7C2021%7C9015%7C%7C&modelFilter=UX%7C%7C%7C%7C&modelFilter=NX%7C%7C%7C%7C	60000	[]
stg-aem-lcom.origin.cepo-proxy.tms.aws.lexus.com	/rest/lexus/offers?zip=07760&offerCategory=NEW&experience=offers	60000	[]
stg-aem-lcom.origin.cepo-proxy.tms.aws.lexus.com	/rest/lexus/offers?zip=07760&offerCategory=NEW&featured=true&offerType=lease&modelFilter=ES%7C2020%7C9000%7C%7C&modelFilter=ES%7C2020%7C9002%7C%7C&modelFilter=ES%7C2020%7C9004%7C%7C&modelFilter=ES%7C2020%7C9005%7C%7C&modelFilter=ES%7C2021%7C9000%7C%7C&modelFilter=ES%7C2021%7C9002%7C%7C&modelFilter=ES%7C2021%7C9004%7C%7C&modelFilter=ES%7C2021%7C9005%7C%7C&modelFilter=ES%7C2021%7C9005SE%7C%7C&modelFilter=ES%7C2021%7C9012%7C%7C&modelFilter=ES%7C2021%7C9013%7C%7C&modelFilter=ES%7C2021%7C9014%7C%7C&modelFilter=ES%7C2021%7C9015%7C%7C&modelFilter=UX%7C%7C%7C%7C&modelFilter=NX%7C%7C%7C%7C	60000	[]
stg-aem-lcom.origin.cepo-proxy.tms.aws.lexus.com	/rest/lexus/offers?zip=62633&offerCategory=NEW&experience=offers	60000	[]
stg-aem-lcom.origin.cepo-proxy.tms.aws.lexus.com	/rest/lexus/offers?zip=62633&offerCategory=NEW&featured=true&offerType=lease&modelFilter=ES%7C2020%7C9000%7C%7C&modelFilter=ES%7C2020%7C9002%7C%7C&modelFilter=ES%7C2020%7C9004%7C%7C&modelFilter=ES%7C2020%7C9005%7C%7C&modelFilter=ES%7C2021%7C9000%7C%7C&modelFilter=ES%7C2021%7C9002%7C%7C&modelFilter=ES%7C2021%7C9004%7C%7C&modelFilter=ES%7C2021%7C9005%7C%7C&modelFilter=ES%7C2021%7C9005SE%7C%7C&modelFilter=ES%7C2021%7C9012%7C%7C&modelFilter=ES%7C2021%7C9013%7C%7C&modelFilter=ES%7C2021%7C9014%7C%7C&modelFilter=ES%7C2021%7C9015%7C%7C&modelFilter=UX%7C%7C%7C%7C&modelFilter=NX%7C%7C%7C%7C	60000	[]
stg-aem-lcom.origin.cepo-proxy.tms.aws.lexus.com	/rest/lexus/offers?zip=31014&offerCategory=NEW&experience=offers	60000	[]
stg-aem-lcom.origin.cepo-proxy.tms.aws.lexus.com	/rest/lexus/offers?zip=31014&offerCategory=NEW&featured=true&offerType=lease&modelFilter=ES%7C2020%7C9000%7C%7C&modelFilter=ES%7C2020%7C9002%7C%7C&modelFilter=ES%7C2020%7C9004%7C%7C&modelFilter=ES%7C2020%7C9005%7C%7C&modelFilter=ES%7C2021%7C9000%7C%7C&modelFilter=ES%7C2021%7C9002%7C%7C&modelFilter=ES%7C2021%7C9004%7C%7C&modelFilter=ES%7C2021%7C9005%7C%7C&modelFilter=ES%7C2021%7C9005SE%7C%7C&modelFilter=ES%7C2021%7C9012%7C%7C&modelFilter=ES%7C2021%7C9013%7C%7C&modelFilter=ES%7C2021%7C9014%7C%7C&modelFilter=ES%7C2021%7C9015%7C%7C&modelFilter=UX%7C%7C%7C%7C&modelFilter=NX%7C%7C%7C%7C	60000	[]
stg-aem-lcom.origin.cepo-proxy.tms.aws.lexus.com	/rest/lexus/offers?zip=95416&offerCategory=NEW&experience=offers	60000	[]
stg-aem-lcom.origin.cepo-proxy.tms.aws.lexus.com	/rest/lexus/offers?zip=95416&offerCategory=NEW&featured=true&offerType=lease&modelFilter=ES%7C2020%7C9000%7C%7C&modelFilter=ES%7C2020%7C9002%7C%7C&modelFilter=ES%7C2020%7C9004%7C%7C&modelFilter=ES%7C2020%7C9005%7C%7C&modelFilter=ES%7C2021%7C9000%7C%7C&modelFilter=ES%7C2021%7C9002%7C%7C&modelFilter=ES%7C2021%7C9004%7C%7C&modelFilter=ES%7C2021%7C9005%7C%7C&modelFilter=ES%7C2021%7C9005SE%7C%7C&modelFilter=ES%7C2021%7C9012%7C%7C&modelFilter=ES%7C2021%7C9013%7C%7C&modelFilter=ES%7C2021%7C9014%7C%7C&modelFilter=ES%7C2021%7C9015%7C%7C&modelFilter=UX%7C%7C%7C%7C&modelFilter=NX%7C%7C%7C%7C	60000	[]
stg-aem-lcom.origin.cepo-proxy.tms.aws.lexus.com	/rest/lexus/offers?zip=23458&offerCategory=NEW&experience=offers	60000	[]
stg-aem-lcom.origin.cepo-proxy.tms.aws.lexus.com	/rest/lexus/offers?zip=23458&offerCategory=NEW&featured=true&offerType=lease&modelFilter=ES%7C2020%7C9000%7C%7C&modelFilter=ES%7C2020%7C9002%7C%7C&modelFilter=ES%7C2020%7C9004%7C%7C&modelFilter=ES%7C2020%7C9005%7C%7C&modelFilter=ES%7C2021%7C9000%7C%7C&modelFilter=ES%7C2021%7C9002%7C%7C&modelFilter=ES%7C2021%7C9004%7C%7C&modelFilter=ES%7C2021%7C9005%7C%7C&modelFilter=ES%7C2021%7C9005SE%7C%7C&modelFilter=ES%7C2021%7C9012%7C%7C&modelFilter=ES%7C2021%7C9013%7C%7C&modelFilter=ES%7C2021%7C9014%7C%7C&modelFilter=ES%7C2021%7C9015%7C%7C&modelFilter=UX%7C%7C%7C%7C&modelFilter=NX%7C%7C%7C%7C	60000	[]
stg-aem-lcom.origin.cepo-proxy.tms.aws.lexus.com	/rest/lexus/offers?zip=46540&offerCategory=NEW&experience=offers	60000	[]
stg-aem-lcom.origin.cepo-proxy.tms.aws.lexus.com	/rest/lexus/offers?zip=46540&offerCategory=NEW&featured=true&offerType=lease&modelFilter=ES%7C2020%7C9000%7C%7C&modelFilter=ES%7C2020%7C9002%7C%7C&modelFilter=ES%7C2020%7C9004%7C%7C&modelFilter=ES%7C2020%7C9005%7C%7C&modelFilter=ES%7C2021%7C9000%7C%7C&modelFilter=ES%7C2021%7C9002%7C%7C&modelFilter=ES%7C2021%7C9004%7C%7C&modelFilter=ES%7C2021%7C9005%7C%7C&modelFilter=ES%7C2021%7C9005SE%7C%7C&modelFilter=ES%7C2021%7C9012%7C%7C&modelFilter=ES%7C2021%7C9013%7C%7C&modelFilter=ES%7C2021%7C9014%7C%7C&modelFilter=ES%7C2021%7C9015%7C%7C&modelFilter=UX%7C%7C%7C%7C&modelFilter=NX%7C%7C%7C%7C	60000	[]
stg-aem-lcom.origin.cepo-proxy.tms.aws.lexus.com	/rest/lexus/offers?zip=72019&offerCategory=NEW&experience=offers	60000	[]
stg-aem-lcom.origin.cepo-proxy.tms.aws.lexus.com	/rest/lexus/offers?zip=72019&offerCategory=NEW&featured=true&offerType=lease&modelFilter=ES%7C2020%7C9000%7C%7C&modelFilter=ES%7C2020%7C9002%7C%7C&modelFilter=ES%7C2020%7C9004%7C%7C&modelFilter=ES%7C2020%7C9005%7C%7C&modelFilter=ES%7C2021%7C9000%7C%7C&modelFilter=ES%7C2021%7C9002%7C%7C&modelFilter=ES%7C2021%7C9004%7C%7C&modelFilter=ES%7C2021%7C9005%7C%7C&modelFilter=ES%7C2021%7C9005SE%7C%7C&modelFilter=ES%7C2021%7C9012%7C%7C&modelFilter=ES%7C2021%7C9013%7C%7C&modelFilter=ES%7C2021%7C9014%7C%7C&modelFilter=ES%7C2021%7C9015%7C%7C&modelFilter=UX%7C%7C%7C%7C&modelFilter=NX%7C%7C%7C%7C	60000	[]
stg-aem-lcom.origin.cepo-proxy.tms.aws.lexus.com	/rest/lexus/offers?zip=80918&offerCategory=NEW&experience=offers	60000	[]
stg-aem-lcom.origin.cepo-proxy.tms.aws.lexus.com	/rest/lexus/offers?zip=80918&offerCategory=NEW&featured=true&offerType=lease&modelFilter=ES%7C2020%7C9000%7C%7C&modelFilter=ES%7C2020%7C9002%7C%7C&modelFilter=ES%7C2020%7C9004%7C%7C&modelFilter=ES%7C2020%7C9005%7C%7C&modelFilter=ES%7C2021%7C9000%7C%7C&modelFilter=ES%7C2021%7C9002%7C%7C&modelFilter=ES%7C2021%7C9004%7C%7C&modelFilter=ES%7C2021%7C9005%7C%7C&modelFilter=ES%7C2021%7C9005SE%7C%7C&modelFilter=ES%7C2021%7C9012%7C%7C&modelFilter=ES%7C2021%7C9013%7C%7C&modelFilter=ES%7C2021%7C9014%7C%7C&modelFilter=ES%7C2021%7C9015%7C%7C&modelFilter=UX%7C%7C%7C%7C&modelFilter=NX%7C%7C%7C%7C	60000	[]
stg-aem-lcom.origin.cepo-proxy.tms.aws.lexus.com	/rest/lexus/offers?zip=14516&offerCategory=NEW&experience=offers	60000	[]
stg-aem-lcom.origin.cepo-proxy.tms.aws.lexus.com	/rest/lexus/offers?zip=14516&offerCategory=NEW&featured=true&offerType=lease&modelFilter=ES%7C2020%7C9000%7C%7C&modelFilter=ES%7C2020%7C9002%7C%7C&modelFilter=ES%7C2020%7C9004%7C%7C&modelFilter=ES%7C2020%7C9005%7C%7C&modelFilter=ES%7C2021%7C9000%7C%7C&modelFilter=ES%7C2021%7C9002%7C%7C&modelFilter=ES%7C2021%7C9004%7C%7C&modelFilter=ES%7C2021%7C9005%7C%7C&modelFilter=ES%7C2021%7C9005SE%7C%7C&modelFilter=ES%7C2021%7C9012%7C%7C&modelFilter=ES%7C2021%7C9013%7C%7C&modelFilter=ES%7C2021%7C9014%7C%7C&modelFilter=ES%7C2021%7C9015%7C%7C&modelFilter=UX%7C%7C%7C%7C&modelFilter=NX%7C%7C%7C%7C	60000	[]
stg-aem-lcom.origin.cepo-proxy.tms.aws.lexus.com	/rest/lexus/offers?zip=45223&offerCategory=NEW&experience=offers	60000	[]
stg-aem-lcom.origin.cepo-proxy.tms.aws.lexus.com	/rest/lexus/offers?zip=45223&offerCategory=NEW&featured=true&offerType=lease&modelFilter=ES%7C2020%7C9000%7C%7C&modelFilter=ES%7C2020%7C9002%7C%7C&modelFilter=ES%7C2020%7C9004%7C%7C&modelFilter=ES%7C2020%7C9005%7C%7C&modelFilter=ES%7C2021%7C9000%7C%7C&modelFilter=ES%7C2021%7C9002%7C%7C&modelFilter=ES%7C2021%7C9004%7C%7C&modelFilter=ES%7C2021%7C9005%7C%7C&modelFilter=ES%7C2021%7C9005SE%7C%7C&modelFilter=ES%7C2021%7C9012%7C%7C&modelFilter=ES%7C2021%7C9013%7C%7C&modelFilter=ES%7C2021%7C9014%7C%7C&modelFilter=ES%7C2021%7C9015%7C%7C&modelFilter=UX%7C%7C%7C%7C&modelFilter=NX%7C%7C%7C%7C	60000	[]
stg-aem-lcom.origin.cepo-proxy.tms.aws.lexus.com	/rest/lexus/offers?zip=30014&offerCategory=NEW&experience=offers	60000	[]
stg-aem-lcom.origin.cepo-proxy.tms.aws.lexus.com	/rest/lexus/offers?zip=30014&offerCategory=NEW&featured=true&offerType=lease&modelFilter=ES%7C2020%7C9000%7C%7C&modelFilter=ES%7C2020%7C9002%7C%7C&modelFilter=ES%7C2020%7C9004%7C%7C&modelFilter=ES%7C2020%7C9005%7C%7C&modelFilter=ES%7C2021%7C9000%7C%7C&modelFilter=ES%7C2021%7C9002%7C%7C&modelFilter=ES%7C2021%7C9004%7C%7C&modelFilter=ES%7C2021%7C9005%7C%7C&modelFilter=ES%7C2021%7C9005SE%7C%7C&modelFilter=ES%7C2021%7C9012%7C%7C&modelFilter=ES%7C2021%7C9013%7C%7C&modelFilter=ES%7C2021%7C9014%7C%7C&modelFilter=ES%7C2021%7C9015%7C%7C&modelFilter=UX%7C%7C%7C%7C&modelFilter=NX%7C%7C%7C%7C	60000	[]
stg-aem-lcom.origin.cepo-proxy.tms.aws.lexus.com	/rest/lexus/offers?zip=91423&offerCategory=NEW&experience=offers	60000	[]
stg-aem-lcom.origin.cepo-proxy.tms.aws.lexus.com	/rest/lexus/offers?zip=91423&offerCategory=NEW&featured=true&offerType=lease&modelFilter=ES%7C2020%7C9000%7C%7C&modelFilter=ES%7C2020%7C9002%7C%7C&modelFilter=ES%7C2020%7C9004%7C%7C&modelFilter=ES%7C2020%7C9005%7C%7C&modelFilter=ES%7C2021%7C9000%7C%7C&modelFilter=ES%7C2021%7C9002%7C%7C&modelFilter=ES%7C2021%7C9004%7C%7C&modelFilter=ES%7C2021%7C9005%7C%7C&modelFilter=ES%7C2021%7C9005SE%7C%7C&modelFilter=ES%7C2021%7C9012%7C%7C&modelFilter=ES%7C2021%7C9013%7C%7C&modelFilter=ES%7C2021%7C9014%7C%7C&modelFilter=ES%7C2021%7C9015%7C%7C&modelFilter=UX%7C%7C%7C%7C&modelFilter=NX%7C%7C%7C%7C	60000	[]
stg-aem-lcom.origin.cepo-proxy.tms.aws.lexus.com	/rest/lexus/offers?zip=23872&offerCategory=NEW&experience=offers	60000	[]
stg-aem-lcom.origin.cepo-proxy.tms.aws.lexus.com	/rest/lexus/offers?zip=23872&offerCategory=NEW&featured=true&offerType=lease&modelFilter=ES%7C2020%7C9000%7C%7C&modelFilter=ES%7C2020%7C9002%7C%7C&modelFilter=ES%7C2020%7C9004%7C%7C&modelFilter=ES%7C2020%7C9005%7C%7C&modelFilter=ES%7C2021%7C9000%7C%7C&modelFilter=ES%7C2021%7C9002%7C%7C&modelFilter=ES%7C2021%7C9004%7C%7C&modelFilter=ES%7C2021%7C9005%7C%7C&modelFilter=ES%7C2021%7C9005SE%7C%7C&modelFilter=ES%7C2021%7C9012%7C%7C&modelFilter=ES%7C2021%7C9013%7C%7C&modelFilter=ES%7C2021%7C9014%7C%7C&modelFilter=ES%7C2021%7C9015%7C%7C&modelFilter=UX%7C%7C%7C%7C&modelFilter=NX%7C%7C%7C%7C	60000	[]
stg-aem-lcom.origin.cepo-proxy.tms.aws.lexus.com	/rest/lexus/offers?zip=46895&offerCategory=NEW&experience=offers	60000	[]
stg-aem-lcom.origin.cepo-proxy.tms.aws.lexus.com	/rest/lexus/offers?zip=46895&offerCategory=NEW&featured=true&offerType=lease&modelFilter=ES%7C2020%7C9000%7C%7C&modelFilter=ES%7C2020%7C9002%7C%7C&modelFilter=ES%7C2020%7C9004%7C%7C&modelFilter=ES%7C2020%7C9005%7C%7C&modelFilter=ES%7C2021%7C9000%7C%7C&modelFilter=ES%7C2021%7C9002%7C%7C&modelFilter=ES%7C2021%7C9004%7C%7C&modelFilter=ES%7C2021%7C9005%7C%7C&modelFilter=ES%7C2021%7C9005SE%7C%7C&modelFilter=ES%7C2021%7C9012%7C%7C&modelFilter=ES%7C2021%7C9013%7C%7C&modelFilter=ES%7C2021%7C9014%7C%7C&modelFilter=ES%7C2021%7C9015%7C%7C&modelFilter=UX%7C%7C%7C%7C&modelFilter=NX%7C%7C%7C%7C	60000	[]
stg-aem-lcom.origin.cepo-proxy.tms.aws.lexus.com	/rest/lexus/offers?zip=37184&offerCategory=NEW&experience=offers	60000	[]
stg-aem-lcom.origin.cepo-proxy.tms.aws.lexus.com	/rest/lexus/offers?zip=37184&offerCategory=NEW&featured=true&offerType=lease&modelFilter=ES%7C2020%7C9000%7C%7C&modelFilter=ES%7C2020%7C9002%7C%7C&modelFilter=ES%7C2020%7C9004%7C%7C&modelFilter=ES%7C2020%7C9005%7C%7C&modelFilter=ES%7C2021%7C9000%7C%7C&modelFilter=ES%7C2021%7C9002%7C%7C&modelFilter=ES%7C2021%7C9004%7C%7C&modelFilter=ES%7C2021%7C9005%7C%7C&modelFilter=ES%7C2021%7C9005SE%7C%7C&modelFilter=ES%7C2021%7C9012%7C%7C&modelFilter=ES%7C2021%7C9013%7C%7C&modelFilter=ES%7C2021%7C9014%7C%7C&modelFilter=ES%7C2021%7C9015%7C%7C&modelFilter=UX%7C%7C%7C%7C&modelFilter=NX%7C%7C%7C%7C	60000	[]
stg-aem-lcom.origin.cepo-proxy.tms.aws.lexus.com	/rest/lexus/offers?zip=87592&offerCategory=NEW&experience=offers	60000	[]
stg-aem-lcom.origin.cepo-proxy.tms.aws.lexus.com	/rest/lexus/offers?zip=87592&offerCategory=NEW&featured=true&offerType=lease&modelFilter=ES%7C2020%7C9000%7C%7C&modelFilter=ES%7C2020%7C9002%7C%7C&modelFilter=ES%7C2020%7C9004%7C%7C&modelFilter=ES%7C2020%7C9005%7C%7C&modelFilter=ES%7C2021%7C9000%7C%7C&modelFilter=ES%7C2021%7C9002%7C%7C&modelFilter=ES%7C2021%7C9004%7C%7C&modelFilter=ES%7C2021%7C9005%7C%7C&modelFilter=ES%7C2021%7C9005SE%7C%7C&modelFilter=ES%7C2021%7C9012%7C%7C&modelFilter=ES%7C2021%7C9013%7C%7C&modelFilter=ES%7C2021%7C9014%7C%7C&modelFilter=ES%7C2021%7C9015%7C%7C&modelFilter=UX%7C%7C%7C%7C&modelFilter=NX%7C%7C%7C%7C	60000	[]
stg-aem-lcom.origin.cepo-proxy.tms.aws.lexus.com	/rest/lexus/offers?zip=07458&offerCategory=NEW&experience=offers	60000	[]
stg-aem-lcom.origin.cepo-proxy.tms.aws.lexus.com	/rest/lexus/offers?zip=07458&offerCategory=NEW&featured=true&offerType=lease&modelFilter=ES%7C2020%7C9000%7C%7C&modelFilter=ES%7C2020%7C9002%7C%7C&modelFilter=ES%7C2020%7C9004%7C%7C&modelFilter=ES%7C2020%7C9005%7C%7C&modelFilter=ES%7C2021%7C9000%7C%7C&modelFilter=ES%7C2021%7C9002%7C%7C&modelFilter=ES%7C2021%7C9004%7C%7C&modelFilter=ES%7C2021%7C9005%7C%7C&modelFilter=ES%7C2021%7C9005SE%7C%7C&modelFilter=ES%7C2021%7C9012%7C%7C&modelFilter=ES%7C2021%7C9013%7C%7C&modelFilter=ES%7C2021%7C9014%7C%7C&modelFilter=ES%7C2021%7C9015%7C%7C&modelFilter=UX%7C%7C%7C%7C&modelFilter=NX%7C%7C%7C%7C	60000	[]
stg-aem-lcom.origin.cepo-proxy.tms.aws.lexus.com	/rest/lexus/offers?zip=48873&offerCategory=NEW&experience=offers	60000	[]
stg-aem-lcom.origin.cepo-proxy.tms.aws.lexus.com	/rest/lexus/offers?zip=48873&offerCategory=NEW&featured=true&offerType=lease&modelFilter=ES%7C2020%7C9000%7C%7C&modelFilter=ES%7C2020%7C9002%7C%7C&modelFilter=ES%7C2020%7C9004%7C%7C&modelFilter=ES%7C2020%7C9005%7C%7C&modelFilter=ES%7C2021%7C9000%7C%7C&modelFilter=ES%7C2021%7C9002%7C%7C&modelFilter=ES%7C2021%7C9004%7C%7C&modelFilter=ES%7C2021%7C9005%7C%7C&modelFilter=ES%7C2021%7C9005SE%7C%7C&modelFilter=ES%7C2021%7C9012%7C%7C&modelFilter=ES%7C2021%7C9013%7C%7C&modelFilter=ES%7C2021%7C9014%7C%7C&modelFilter=ES%7C2021%7C9015%7C%7C&modelFilter=UX%7C%7C%7C%7C&modelFilter=NX%7C%7C%7C%7C	60000	[]
stg-aem-lcom.origin.cepo-proxy.tms.aws.lexus.com	/rest/lexus/offers?zip=70122&offerCategory=NEW&experience=offers	60000	[]
stg-aem-lcom.origin.cepo-proxy.tms.aws.lexus.com	/rest/lexus/offers?zip=70122&offerCategory=NEW&featured=true&offerType=lease&modelFilter=ES%7C2020%7C9000%7C%7C&modelFilter=ES%7C2020%7C9002%7C%7C&modelFilter=ES%7C2020%7C9004%7C%7C&modelFilter=ES%7C2020%7C9005%7C%7C&modelFilter=ES%7C2021%7C9000%7C%7C&modelFilter=ES%7C2021%7C9002%7C%7C&modelFilter=ES%7C2021%7C9004%7C%7C&modelFilter=ES%7C2021%7C9005%7C%7C&modelFilter=ES%7C2021%7C9005SE%7C%7C&modelFilter=ES%7C2021%7C9012%7C%7C&modelFilter=ES%7C2021%7C9013%7C%7C&modelFilter=ES%7C2021%7C9014%7C%7C&modelFilter=ES%7C2021%7C9015%7C%7C&modelFilter=UX%7C%7C%7C%7C&modelFilter=NX%7C%7C%7C%7C	60000	[]
stg-aem-lcom.origin.cepo-proxy.tms.aws.lexus.com	/rest/lexus/offers?zip=98003&offerCategory=NEW&experience=offers	60000	[]
stg-aem-lcom.origin.cepo-proxy.tms.aws.lexus.com	/rest/lexus/offers?zip=98003&offerCategory=NEW&featured=true&offerType=lease&modelFilter=ES%7C2020%7C9000%7C%7C&modelFilter=ES%7C2020%7C9002%7C%7C&modelFilter=ES%7C2020%7C9004%7C%7C&modelFilter=ES%7C2020%7C9005%7C%7C&modelFilter=ES%7C2021%7C9000%7C%7C&modelFilter=ES%7C2021%7C9002%7C%7C&modelFilter=ES%7C2021%7C9004%7C%7C&modelFilter=ES%7C2021%7C9005%7C%7C&modelFilter=ES%7C2021%7C9005SE%7C%7C&modelFilter=ES%7C2021%7C9012%7C%7C&modelFilter=ES%7C2021%7C9013%7C%7C&modelFilter=ES%7C2021%7C9014%7C%7C&modelFilter=ES%7C2021%7C9015%7C%7C&modelFilter=UX%7C%7C%7C%7C&modelFilter=NX%7C%7C%7C%7C	60000	[]
stg-aem-lcom.origin.cepo-proxy.tms.aws.lexus.com	/rest/lexus/offers?zip=07934&offerCategory=NEW&experience=offers	60000	[]
stg-aem-lcom.origin.cepo-proxy.tms.aws.lexus.com	/rest/lexus/offers?zip=07934&offerCategory=NEW&featured=true&offerType=lease&modelFilter=ES%7C2020%7C9000%7C%7C&modelFilter=ES%7C2020%7C9002%7C%7C&modelFilter=ES%7C2020%7C9004%7C%7C&modelFilter=ES%7C2020%7C9005%7C%7C&modelFilter=ES%7C2021%7C9000%7C%7C&modelFilter=ES%7C2021%7C9002%7C%7C&modelFilter=ES%7C2021%7C9004%7C%7C&modelFilter=ES%7C2021%7C9005%7C%7C&modelFilter=ES%7C2021%7C9005SE%7C%7C&modelFilter=ES%7C2021%7C9012%7C%7C&modelFilter=ES%7C2021%7C9013%7C%7C&modelFilter=ES%7C2021%7C9014%7C%7C&modelFilter=ES%7C2021%7C9015%7C%7C&modelFilter=UX%7C%7C%7C%7C&modelFilter=NX%7C%7C%7C%7C	60000	[]
stg-aem-lcom.origin.cepo-proxy.tms.aws.lexus.com	/rest/lexus/offers?zip=47590&offerCategory=NEW&experience=offers	60000	[]
stg-aem-lcom.origin.cepo-proxy.tms.aws.lexus.com	/rest/lexus/offers?zip=47590&offerCategory=NEW&featured=true&offerType=lease&modelFilter=ES%7C2020%7C9000%7C%7C&modelFilter=ES%7C2020%7C9002%7C%7C&modelFilter=ES%7C2020%7C9004%7C%7C&modelFilter=ES%7C2020%7C9005%7C%7C&modelFilter=ES%7C2021%7C9000%7C%7C&modelFilter=ES%7C2021%7C9002%7C%7C&modelFilter=ES%7C2021%7C9004%7C%7C&modelFilter=ES%7C2021%7C9005%7C%7C&modelFilter=ES%7C2021%7C9005SE%7C%7C&modelFilter=ES%7C2021%7C9012%7C%7C&modelFilter=ES%7C2021%7C9013%7C%7C&modelFilter=ES%7C2021%7C9014%7C%7C&modelFilter=ES%7C2021%7C9015%7C%7C&modelFilter=UX%7C%7C%7C%7C&modelFilter=NX%7C%7C%7C%7C	60000	[]
stg-aem-lcom.origin.cepo-proxy.tms.aws.lexus.com	/rest/lexus/offers?zip=27628&offerCategory=NEW&experience=offers	60000	[]
stg-aem-lcom.origin.cepo-proxy.tms.aws.lexus.com	/rest/lexus/offers?zip=27628&offerCategory=NEW&featured=true&offerType=lease&modelFilter=ES%7C2020%7C9000%7C%7C&modelFilter=ES%7C2020%7C9002%7C%7C&modelFilter=ES%7C2020%7C9004%7C%7C&modelFilter=ES%7C2020%7C9005%7C%7C&modelFilter=ES%7C2021%7C9000%7C%7C&modelFilter=ES%7C2021%7C9002%7C%7C&modelFilter=ES%7C2021%7C9004%7C%7C&modelFilter=ES%7C2021%7C9005%7C%7C&modelFilter=ES%7C2021%7C9005SE%7C%7C&modelFilter=ES%7C2021%7C9012%7C%7C&modelFilter=ES%7C2021%7C9013%7C%7C&modelFilter=ES%7C2021%7C9014%7C%7C&modelFilter=ES%7C2021%7C9015%7C%7C&modelFilter=UX%7C%7C%7C%7C&modelFilter=NX%7C%7C%7C%7C	60000	[]
stg-aem-lcom.origin.cepo-proxy.tms.aws.lexus.com	/rest/lexus/offers?zip=95352&offerCategory=NEW&experience=offers	60000	[]
stg-aem-lcom.origin.cepo-proxy.tms.aws.lexus.com	/rest/lexus/offers?zip=95352&offerCategory=NEW&featured=true&offerType=lease&modelFilter=ES%7C2020%7C9000%7C%7C&modelFilter=ES%7C2020%7C9002%7C%7C&modelFilter=ES%7C2020%7C9004%7C%7C&modelFilter=ES%7C2020%7C9005%7C%7C&modelFilter=ES%7C2021%7C9000%7C%7C&modelFilter=ES%7C2021%7C9002%7C%7C&modelFilter=ES%7C2021%7C9004%7C%7C&modelFilter=ES%7C2021%7C9005%7C%7C&modelFilter=ES%7C2021%7C9005SE%7C%7C&modelFilter=ES%7C2021%7C9012%7C%7C&modelFilter=ES%7C2021%7C9013%7C%7C&modelFilter=ES%7C2021%7C9014%7C%7C&modelFilter=ES%7C2021%7C9015%7C%7C&modelFilter=UX%7C%7C%7C%7C&modelFilter=NX%7C%7C%7C%7C	60000	[]
stg-aem-lcom.origin.cepo-proxy.tms.aws.lexus.com	/rest/lexus/offers?zip=11732&offerCategory=NEW&experience=offers	60000	[]
stg-aem-lcom.origin.cepo-proxy.tms.aws.lexus.com	/rest/lexus/offers?zip=11732&offerCategory=NEW&featured=true&offerType=lease&modelFilter=ES%7C2020%7C9000%7C%7C&modelFilter=ES%7C2020%7C9002%7C%7C&modelFilter=ES%7C2020%7C9004%7C%7C&modelFilter=ES%7C2020%7C9005%7C%7C&modelFilter=ES%7C2021%7C9000%7C%7C&modelFilter=ES%7C2021%7C9002%7C%7C&modelFilter=ES%7C2021%7C9004%7C%7C&modelFilter=ES%7C2021%7C9005%7C%7C&modelFilter=ES%7C2021%7C9005SE%7C%7C&modelFilter=ES%7C2021%7C9012%7C%7C&modelFilter=ES%7C2021%7C9013%7C%7C&modelFilter=ES%7C2021%7C9014%7C%7C&modelFilter=ES%7C2021%7C9015%7C%7C&modelFilter=UX%7C%7C%7C%7C&modelFilter=NX%7C%7C%7C%7C	60000	[]
